Workbook

Sheet ENTRADA
B1: ÍNDICE DE VOLUME DE VENDAS NO VAREJO - BRASIL (Base: MÉDIA 2022=100)
B3: DADOS ORIGINAIS | S3: DADOS DESSAZONALIZADOS (2022 = 100)
A4: Período | B4: Comércio Varejista | C4: 1. Combustiveis e Lubrificantes | D4: 2. Hipermercados | F4: 3. Tecidos, vestuario e calçados | G4: 4. Moveis e Eletrodómesticos | J4: Demais artigos de uso pessoal e doméstico | N4: 9. Veículos, motos, partes e peças | O4: 10. Material de Construção | P4: 11. Atacado especializado em produtos alimenticios, bebidas e fumo | Q4: Comércio Varejista Ampliado | S4: Comércio Varejista | T4: 1. Combustiveis e Lubrificantes | U4: 2. Hipermercados | W4: 3. Tecidos, vestuario e calçados | X4: 4. Móveis e eletrodomésticos | Y4: Móveis | Z4: Eletrodomésticos | AA4: Demais artigos de uso pessoal e doméstico | AE4: 9. Veículos, motos, partes e peças | AF4: 10. Material de Construção | AG4: 11. Atacado especializado em produtos alimenticios, bebidas e fumo | AH4: Comércio Varejista Ampliado
D5: Total | E5: 2.1 Supermercados e Hipermercados | G5: Total | H5: Móveis | I5: Eletrodomésticos | J5: 5. Artigos farmaceuticos, médicos, ortopédicos, de perfumaria e cosméticos | K5: 6. Livros Jornais, revistas e papelaria | L5: 7. Equipamentos e materiais para escritório, informática e comunicação | M5: 8. Outros artigos de uso pessoal e domésticos | U5: Total | V5: 2.1 Supermercados e Hipermercados | AA5: 5. Artigos farmaceuticos, médicos, ortopédicos, de perfumaria e cosméticos | AB5: 6. Livros Jornais, revistas e papelaria | AC5: 7. Equipamentos e materiais para escritório, informática e comunicação | AD5: 8. Outros artigos de uso pessoal e domésticos
A6: 36526 | B6: ='[1]Tabela 1'!B6 -> 46.56262 | C6: ='[2]Tabela 1'!B7 -> 95.86755 | D6: ='[2]Tabela 1'!C7 -> 52.56897 | E6: ='[2]Tabela 1'!D7 -> 50.64794 | F6: ='[2]Tabela 1'!E7 -> 61.98629 | G6: ='[2]Tabela 1'!F7 -> 30.85988 | H6: ='[2]Tabela 1'!G7 -> - | I6: ='[2]Tabela 1'!H7 -> - | J6: ='[2]Tabela 1'!I7 -> - | ... P6: ='[2]Tabela 1'!O7 -> - | Q6: ='[3]Tabela 1'!#REF! -> #REF! | R6: =B6-S6 -> -3.59125 | S6: ='[1]Tabela 2'!B6 -> 50.15387 | T6: ='[2]Tabela 2'!B7 -> 98.67715 | U6: ='[2]Tabela 2'!C7 -> 54.72077 | V6: ='[2]Tabela 2'!D7 -> 52.86533 | W6: ='[2]Tabela 2'!E7 -> 84.7153 | X6: ='[2]Tabela 2'!F7 -> 32.99758 | Y6: ='[2]Tabela 2'!G7 -> - | Z6: ='[2]Tabela 2'!H7 -> - | AA6: ='[2]Tabela 2'!I7 -> - | ... AG6: ='[2]Tabela 2'!O7 -> - | AH6: ='[3]Tabela 2'!#REF! -> #REF!
A7: =EDATE(A6,1) -> 36557 | B7: ='[1]Tabela 1'!B7 -> 47.08777 | C7: ='[2]Tabela 1'!B8 -> 93.80588 | D7: ='[2]Tabela 1'!C8 -> 52.22312 | E7: ='[2]Tabela 1'!D8 -> 50.22728 | F7: ='[2]Tabela 1'!E8 -> 67.813 | G7: ='[2]Tabela 1'!F8 -> 29.70918 | H7: ='[2]Tabela 1'!G8 -> - | I7: ='[2]Tabela 1'!H8 -> - | J7: ='[2]Tabela 1'!I8 -> - | ... P7: ='[2]Tabela 1'!O8 -> - | Q7: ='[3]Tabela 1'!#REF! -> #REF! | R7: =B7-S7 -> -3.51407 | S7: ='[1]Tabela 2'!B7 -> 50.60184 | T7: ='[2]Tabela 2'!B8 -> 98.02877 | U7: ='[2]Tabela 2'!C8 -> 55.28715 | V7: ='[2]Tabela 2'!D8 -> 53.2079 | W7: ='[2]Tabela 2'!E8 -> 86.07801 | X7: ='[2]Tabela 2'!F8 -> 34.06676 | Y7: ='[2]Tabela 2'!G8 -> - | Z7: ='[2]Tabela 2'!H8 -> - | AA7: ='[2]Tabela 2'!I8 -> - | ... AG7: ='[2]Tabela 2'!O8 -> - | AH7: ='[3]Tabela 2'!#REF! -> #REF!
A8: =EDATE(A7,1) -> 36586 | B8: ='[1]Tabela 1'!B8 -> 49.10081 | C8: ='[2]Tabela 1'!B9 -> 96.69222 | D8: ='[2]Tabela 1'!C9 -> 55.42222 | E8: ='[2]Tabela 1'!D9 -> 53.59259 | F8: ='[2]Tabela 1'!E9 -> 71.28423 | G8: ='[2]Tabela 1'!F9 -> 31.48754 | H8: ='[2]Tabela 1'!G9 -> - | I8: ='[2]Tabela 1'!H9 -> - | J8: ='[2]Tabela 1'!I9 -> - | ... P8: ='[2]Tabela 1'!O9 -> - | Q8: ='[3]Tabela 1'!#REF! -> #REF! | R8: =B8-S8 -> -1.81354 | S8: ='[1]Tabela 2'!B8 -> 50.91435 | T8: ='[2]Tabela 2'!B9 -> 97.53394 | U8: ='[2]Tabela 2'!C9 -> 55.35327 | V8: ='[2]Tabela 2'!D9 -> 53.47435 | W8: ='[2]Tabela 2'!E9 -> 87.83695 | X8: ='[2]Tabela 2'!F9 -> 34.42562 | Y8: ='[2]Tabela 2'!G9 -> - | Z8: ='[2]Tabela 2'!H9 -> - | AA8: ='[2]Tabela 2'!I9 -> - | ... AG8: ='[2]Tabela 2'!O9 -> - | AH8: ='[3]Tabela 2'!#REF! -> #REF!
A9: =EDATE(A8,1) -> 36617 | B9: ='[1]Tabela 1'!B9 -> 49.10081 | C9: ='[2]Tabela 1'!B10 -> 96.27988 | D9: ='[2]Tabela 1'!C10 -> 56.45977 | E9: ='[2]Tabela 1'!D10 -> 54.60218 | F9: ='[2]Tabela 1'!E10 -> 78.2267 | G9: ='[2]Tabela 1'!F10 -> 30.12761 | H9: ='[2]Tabela 1'!G10 -> - | I9: ='[2]Tabela 1'!H10 -> - | J9: ='[2]Tabela 1'!I10 -> - | ... P9: ='[2]Tabela 1'!O10 -> - | Q9: ='[3]Tabela 1'!#REF! -> #REF! | R9: =B9-S9 -> -1.86325 | S9: ='[1]Tabela 2'!B9 -> 50.96406 | T9: ='[2]Tabela 2'!B10 -> 97.87454 | U9: ='[2]Tabela 2'!C10 -> 55.38913 | V9: ='[2]Tabela 2'!D10 -> 53.70747 | W9: ='[2]Tabela 2'!E10 -> 89.31395 | X9: ='[2]Tabela 2'!F10 -> 34.23967 | Y9: ='[2]Tabela 2'!G10 -> - | Z9: ='[2]Tabela 2'!H10 -> - | AA9: ='[2]Tabela 2'!I10 -> - | ... AG9: ='[2]Tabela 2'!O10 -> - | AH9: ='[3]Tabela 2'!#REF! -> #REF!
A10: =EDATE(A9,1) -> 36647 | B10: ='[1]Tabela 1'!B10 -> 51.11386 | C10: ='[2]Tabela 1'!B11 -> 95.5583 | D10: ='[2]Tabela 1'!C11 -> 54.03883 | E10: ='[2]Tabela 1'!D11 -> 52.16233 | F10: ='[2]Tabela 1'!E11 -> 96.57464 | G10: ='[2]Tabela 1'!F11 -> 36.4042 | H10: ='[2]Tabela 1'!G11 -> - | I10: ='[2]Tabela 1'!H11 -> - | J10: ='[2]Tabela 1'!I11 -> - | ... P10: ='[2]Tabela 1'!O11 -> - | Q10: ='[3]Tabela 1'!#REF! -> #REF! | R10: =B10-S10 -> -0.1588 | S10: ='[1]Tabela 2'!B10 -> 51.27266 | T10: ='[2]Tabela 2'!B11 -> 95.24986 | U10: ='[2]Tabela 2'!C11 -> 55.83733 | V10: ='[2]Tabela 2'!D11 -> 54.05211 | W10: ='[2]Tabela 2'!E11 -> 87.79416 | X10: ='[2]Tabela 2'!F11 -> 35.06499 | Y10: ='[2]Tabela 2'!G11 -> - | Z10: ='[2]Tabela 2'!H11 -> - | AA10: ='[2]Tabela 2'!I11 -> - | ... AG10: ='[2]Tabela 2'!O11 -> - | AH10: ='[3]Tabela 2'!#REF! -> #REF!
A11: =EDATE(A10,1) -> 36678 | B11: ='[1]Tabela 1'!B11 -> 48.66319 | C11: ='[2]Tabela 1'!B12 -> 95.35213 | D11: ='[2]Tabela 1'!C12 -> 54.03883 | E11: ='[2]Tabela 1'!D12 -> 52.24647 | F11: ='[2]Tabela 1'!E12 -> 90.49998 | G11: ='[2]Tabela 1'!F12 -> 31.90598 | H11: ='[2]Tabela 1'!G12 -> - | I11: ='[2]Tabela 1'!H12 -> - | J11: ='[2]Tabela 1'!I12 -> - | ... P11: ='[2]Tabela 1'!O12 -> - | Q11: ='[3]Tabela 1'!#REF! -> #REF! | R11: =B11-S11 -> -2.4863 | S11: ='[1]Tabela 2'!B11 -> 51.14949 | T11: ='[2]Tabela 2'!B12 -> 95.0608 | U11: ='[2]Tabela 2'!C12 -> 56.78279 | V11: ='[2]Tabela 2'!D12 -> 54.86354 | W11: ='[2]Tabela 2'!E12 -> 88.50167 | X11: ='[2]Tabela 2'!F12 -> 35.66516 | Y11: ='[2]Tabela 2'!G12 -> - | Z11: ='[2]Tabela 2'!H12 -> - | AA11: ='[2]Tabela 2'!I12 -> - | ... AG11: ='[2]Tabela 2'!O12 -> - | AH11: ='[3]Tabela 2'!#REF! -> #REF!
A12: =EDATE(A11,1) -> 36708 | B12: ='[1]Tabela 1'!B12 -> 50.41367 | C12: ='[2]Tabela 1'!B13 -> 95.97063 | D12: ='[2]Tabela 1'!C13 -> 56.02746 | E12: ='[2]Tabela 1'!D13 -> 54.34979 | F12: ='[2]Tabela 1'!E13 -> 88.39245 | G12: ='[2]Tabela 1'!F13 -> 35.14888 | H12: ='[2]Tabela 1'!G13 -> - | I12: ='[2]Tabela 1'!H13 -> - | J12: ='[2]Tabela 1'!I13 -> - | ... P12: ='[2]Tabela 1'!O13 -> - | Q12: ='[3]Tabela 1'!#REF! -> #REF! | R12: =B12-S12 -> -0.89441 | S12: ='[1]Tabela 2'!B12 -> 51.30808 | T12: ='[2]Tabela 2'!B13 -> 93.07969 | U12: ='[2]Tabela 2'!C13 -> 56.68183 | V12: ='[2]Tabela 2'!D13 -> 54.88491 | W12: ='[2]Tabela 2'!E13 -> 88.51483 | X12: ='[2]Tabela 2'!F13 -> 36.35703 | Y12: ='[2]Tabela 2'!G13 -> - | Z12: ='[2]Tabela 2'!H13 -> - | AA12: ='[2]Tabela 2'!I13 -> - | ... AG12: ='[2]Tabela 2'!O13 -> - | AH12: ='[3]Tabela 2'!#REF! -> #REF!
A13: =EDATE(A12,1) -> 36739 | B13: ='[1]Tabela 1'!B13 -> 50.23862 | C13: ='[2]Tabela 1'!B14 -> 91.53805 | D13: ='[2]Tabela 1'!C14 -> 55.33576 | E13: ='[2]Tabela 1'!D14 -> 53.59259 | F13: ='[2]Tabela 1'!E14 -> 82.81368 | G13: ='[2]Tabela 1'!F14 -> 36.29959 | H13: ='[2]Tabela 1'!G14 -> - | I13: ='[2]Tabela 1'!H14 -> - | J13: ='[2]Tabela 1'!I14 -> - | ... P13: ='[2]Tabela 1'!O14 -> - | Q13: ='[3]Tabela 1'!#REF! -> #REF! | R13: =B13-S13 -> -0.64961 | S13: ='[1]Tabela 2'!B13 -> 50.88823 | T13: ='[2]Tabela 2'!B14 -> 88.3401 | U13: ='[2]Tabela 2'!C14 -> 56.41067 | V13: ='[2]Tabela 2'!D14 -> 54.57317 | W13: ='[2]Tabela 2'!E14 -> 87.33571 | X13: ='[2]Tabela 2'!F14 -> 36.84836 | Y13: ='[2]Tabela 2'!G14 -> - | Z13: ='[2]Tabela 2'!H14 -> - | AA13: ='[2]Tabela 2'!I14 -> - | ... AG13: ='[2]Tabela 2'!O14 -> - | AH13: ='[3]Tabela 2'!#REF! -> #REF!
A14: =EDATE(A13,1) -> 36770 | B14: ='[1]Tabela 1'!B14 -> 49.01329 | C14: ='[2]Tabela 1'!B15 -> 90.50721 | D14: ='[2]Tabela 1'!C15 -> 55.59515 | E14: ='[2]Tabela 1'!D15 -> 54.01326 | F14: ='[2]Tabela 1'!E15 -> 75.00341 | G14: ='[2]Tabela 1'!F15 -> 33.68435 | H14: ='[2]Tabela 1'!G15 -> - | I14: ='[2]Tabela 1'!H15 -> - | J14: ='[2]Tabela 1'!I15 -> - | ... P14: ='[2]Tabela 1'!O15 -> - | Q14: ='[3]Tabela 1'!#REF! -> #REF! | R14: =B14-S14 -> -1.95548 | S14: ='[1]Tabela 2'!B14 -> 50.96877 | T14: ='[2]Tabela 2'!B15 -> 90.20495 | U14: ='[2]Tabela 2'!C15 -> 56.80326 | V14: ='[2]Tabela 2'!D15 -> 55.02685 | W14: ='[2]Tabela 2'!E15 -> 88.13881 | X14: ='[2]Tabela 2'!F15 -> 36.66248 | Y14: ='[2]Tabela 2'!G15 -> - | Z14: ='[2]Tabela 2'!H15 -> - | AA14: ='[2]Tabela 2'!I15 -> - | ... AG14: ='[2]Tabela 2'!O15 -> - | AH14: ='[3]Tabela 2'!#REF! -> #REF!
A15: =EDATE(A14,1) -> 36800 | B15: ='[1]Tabela 1'!B15 -> 49.97605 | C15: ='[2]Tabela 1'!B16 -> 93.0843 | D15: ='[2]Tabela 1'!C16 -> 54.98991 | E15: ='[2]Tabela 1'!D16 -> 53.25606 | F15: ='[2]Tabela 1'!E16 -> 78.35067 | G15: ='[2]Tabela 1'!F16 -> 35.56732 | H15: ='[2]Tabela 1'!G16 -> - | I15: ='[2]Tabela 1'!H16 -> - | J15: ='[2]Tabela 1'!I16 -> - | ... P15: ='[2]Tabela 1'!O16 -> - | Q15: ='[3]Tabela 1'!#REF! -> #REF! | R15: =B15-S15 -> -0.26393 | S15: ='[1]Tabela 2'!B15 -> 50.23998 | T15: ='[2]Tabela 2'!B16 -> 90.43662 | U15: ='[2]Tabela 2'!C16 -> 55.68626 | V15: ='[2]Tabela 2'!D16 -> 54.13137 | W15: ='[2]Tabela 2'!E16 -> 84.99965 | X15: ='[2]Tabela 2'!F16 -> 35.27007 | Y15: ='[2]Tabela 2'!G16 -> - | Z15: ='[2]Tabela 2'!H16 -> - | AA15: ='[2]Tabela 2'!I16 -> - | ... AG15: ='[2]Tabela 2'!O16 -> - | AH15: ='[3]Tabela 2'!#REF! -> #REF!
A16: =EDATE(A15,1) -> 36831 | B16: ='[1]Tabela 1'!B16 -> 50.85129 | C16: ='[2]Tabela 1'!B17 -> 88.44555 | D16: ='[2]Tabela 1'!C17 -> 55.2493 | E16: ='[2]Tabela 1'!D17 -> 53.34019 | F16: ='[2]Tabela 1'!E17 -> 89.5082 | G16: ='[2]Tabela 1'!F17 -> 37.76413 | H16: ='[2]Tabela 1'!G17 -> - | I16: ='[2]Tabela 1'!H17 -> - | J16: ='[2]Tabela 1'!I17 -> - | ... P16: ='[2]Tabela 1'!O17 -> - | Q16: ='[3]Tabela 1'!#REF! -> #REF! | R16: =B16-S16 -> -0.24197 | S16: ='[1]Tabela 2'!B16 -> 51.09326 | T16: ='[2]Tabela 2'!B17 -> 89.8629 | U16: ='[2]Tabela 2'!C17 -> 56.44132 | V16: ='[2]Tabela 2'!D17 -> 54.60614 | W16: ='[2]Tabela 2'!E17 -> 87.40443 | X16: ='[2]Tabela 2'!F17 -> 36.96636 | Y16: ='[2]Tabela 2'!G17 -> - | Z16: ='[2]Tabela 2'!H17 -> - | AA16: ='[2]Tabela 2'!I17 -> - | ... AG16: ='[2]Tabela 2'!O17 -> - | AH16: ='[3]Tabela 2'!#REF! -> #REF!
A17: =EDATE(A16,1) -> 36861 | B17: ='[1]Tabela 1'!B17 -> 70.10651 | C17: ='[2]Tabela 1'!B18 -> 93.29047 | D17: ='[2]Tabela 1'!C18 -> 73.23342 | E17: ='[2]Tabela 1'!D18 -> 71.26048 | F17: ='[2]Tabela 1'!E18 -> 167.36298 | G17: ='[2]Tabela 1'!F18 -> 57.63998 | H17: ='[2]Tabela 1'!G18 -> - | I17: ='[2]Tabela 1'!H18 -> - | J17: ='[2]Tabela 1'!I18 -> - | ... P17: ='[2]Tabela 1'!O18 -> - | Q17: ='[3]Tabela 1'!#REF! -> #REF! | R17: =B17-S17 -> 18.88579 | S17: ='[1]Tabela 2'!B17 -> 51.22072 | T17: ='[2]Tabela 2'!B18 -> 90.2267 | U17: ='[2]Tabela 2'!C18 -> 57.25036 | V17: ='[2]Tabela 2'!D18 -> 55.41866 | W17: ='[2]Tabela 2'!E18 -> 86.79607 | X17: ='[2]Tabela 2'!F18 -> 36.90699 | Y17: ='[2]Tabela 2'!G18 -> - | Z17: ='[2]Tabela 2'!H18 -> - | AA17: ='[2]Tabela 2'!I18 -> - | ... AG17: ='[2]Tabela 2'!O18 -> - | AH17: ='[3]Tabela 2'!#REF! -> #REF!
A18: =EDATE(A17,1) -> 36892 | B18: ='[1]Tabela 1'!B18 -> 47.43786 | C18: ='[2]Tabela 1'!B19 -> 88.23938 | D18: ='[2]Tabela 1'!C19 -> 54.29822 | E18: ='[2]Tabela 1'!D19 -> 52.3306 | F18: ='[2]Tabela 1'!E19 -> 66.94519 | G18: ='[2]Tabela 1'!F19 -> 34.31201 | H18: ='[2]Tabela 1'!G19 -> - | I18: ='[2]Tabela 1'!H19 -> - | J18: ='[2]Tabela 1'!I19 -> - | ... P18: ='[2]Tabela 1'!O19 -> - | Q18: ='[3]Tabela 1'!#REF! -> #REF! | R18: =B18-S18 -> -3.67257 | S18: ='[1]Tabela 2'!B18 -> 51.11043 | T18: ='[2]Tabela 2'!B19 -> 90.90349 | U18: ='[2]Tabela 2'!C19 -> 57.45481 | V18: ='[2]Tabela 2'!D19 -> 55.47098 | W18: ='[2]Tabela 2'!E19 -> 88.98385 | X18: ='[2]Tabela 2'!F19 -> 36.66318 | Y18: ='[2]Tabela 2'!G19 -> - | Z18: ='[2]Tabela 2'!H19 -> - | AA18: ='[2]Tabela 2'!I19 -> - | ... AG18: ='[2]Tabela 2'!O19 -> - | AH18: ='[3]Tabela 2'!#REF! -> #REF!
... A36: =EDATE(A35,1) -> 37438 | B36: ='[1]Tabela 1'!B36 -> 49.18834 | C36: ='[2]Tabela 1'!B37 -> 100.71247 | D36: ='[2]Tabela 1'!C37 -> 54.29822 | E36: ='[2]Tabela 1'!D37 -> 53.17193 | F36: ='[2]Tabela 1'!E37 -> 87.64861 | G36: ='[2]Tabela 1'!F37 -> 33.26591 | H36: ='[2]Tabela 1'!G37 -> - | I36: ='[2]Tabela 1'!H37 -> - | J36: ='[2]Tabela 1'!I37 -> - | ... P36: ='[2]Tabela 1'!O37 -> - | Q36: ='[3]Tabela 1'!#REF! -> #REF! | R36: =B36-S36 -> -0.93276 | S36: ='[1]Tabela 2'!B36 -> 50.1211 | T36: ='[2]Tabela 2'!B37 -> 97.11348 | U36: ='[2]Tabela 2'!C37 -> 55.80746 | V36: ='[2]Tabela 2'!D37 -> 54.58173 | W36: ='[2]Tabela 2'!E37 -> 88.06197 | X36: ='[2]Tabela 2'!F37 -> 34.23746 | Y36: ='[2]Tabela 2'!G37 -> - | Z36: ='[2]Tabela 2'!H37 -> - | AA36: ='[2]Tabela 2'!I37 -> - | ... AG36: ='[2]Tabela 2'!O37 -> - | AH36: ='[3]Tabela 2'!#REF! -> #REF!
A37: =EDATE(A36,1) -> 37469 | B37: ='[1]Tabela 1'!B37 -> 50.76376 | C37: ='[2]Tabela 1'!B38 -> 105.14505 | D37: ='[2]Tabela 1'!C38 -> 56.20038 | E37: ='[2]Tabela 1'!D38 -> 55.10698 | F37: ='[2]Tabela 1'!E38 -> 87.64861 | G37: ='[2]Tabela 1'!F38 -> 34.10279 | H37: ='[2]Tabela 1'!G38 -> - | I37: ='[2]Tabela 1'!H38 -> - | J37: ='[2]Tabela 1'!I38 -> - | ... P37: ='[2]Tabela 1'!O38 -> - | Q37: ='[3]Tabela 1'!B1 -> 0 | R37: =B37-S37 -> 0.24272 | S37: ='[1]Tabela 2'!B37 -> 50.52104 | T37: ='[2]Tabela 2'!B38 -> 101.23114 | U37: ='[2]Tabela 2'!C38 -> 55.84355 | V37: ='[2]Tabela 2'!D38 -> 54.63526 | W37: ='[2]Tabela 2'!E38 -> 92.15607 | X37: ='[2]Tabela 2'!F38 -> 34.75101 | Y37: ='[2]Tabela 2'!G38 -> - | Z37: ='[2]Tabela 2'!H38 -> - | AA37: ='[2]Tabela 2'!I38 -> - | ... AG37: ='[2]Tabela 2'!O38 -> - | AH37: ='[3]Tabela 2'!B1 -> 0
A38: =EDATE(A37,1) -> 37500 | B38: ='[1]Tabela 1'!B38 -> 46.91272 | C38: ='[2]Tabela 1'!B39 -> 101.1248 | D38: ='[2]Tabela 1'!C39 -> 51.96374 | E38: ='[2]Tabela 1'!D39 -> 50.81621 | F38: ='[2]Tabela 1'!E39 -> 75.25136 | G38: ='[2]Tabela 1'!F39 -> 31.27832 | H38: ='[2]Tabela 1'!G39 -> - | I38: ='[2]Tabela 1'!H39 -> - | J38: ='[2]Tabela 1'!I39 -> - | ... P38: ='[2]Tabela 1'!O39 -> - | Q38: ='[3]Tabela 1'!B2 -> 0 | R38: =B38-S38 -> -3.01937 | S38: ='[1]Tabela 2'!B38 -> 49.93209 | T38: ='[2]Tabela 2'!B39 -> 101.41751 | U38: ='[2]Tabela 2'!C39 -> 54.68025 | V38: ='[2]Tabela 2'!D39 -> 53.5068 | W38: ='[2]Tabela 2'!E39 -> 88.71215 | X38: ='[2]Tabela 2'!F39 -> 33.99122 | Y38: ='[2]Tabela 2'!G39 -> - | Z38: ='[2]Tabela 2'!H39 -> - | AA38: ='[2]Tabela 2'!I39 -> - | ... AG38: ='[2]Tabela 2'!O39 -> - | AH38: ='[3]Tabela 2'!B2 -> 0
A39: =EDATE(A38,1) -> 37530 | B39: ='[1]Tabela 1'!B39 -> 50.85129 | C39: ='[2]Tabela 1'!B40 -> 102.46489 | D39: ='[2]Tabela 1'!C40 -> 55.68161 | E39: ='[2]Tabela 1'!D40 -> 54.43392 | F39: ='[2]Tabela 1'!E40 -> 84.42533 | G39: ='[2]Tabela 1'!F40 -> 35.25349 | H39: ='[2]Tabela 1'!G40 -> - | I39: ='[2]Tabela 1'!H40 -> - | J39: ='[2]Tabela 1'!I40 -> - | ... P39: ='[2]Tabela 1'!O40 -> - | Q39: ='[3]Tabela 1'!B3 -> 0 | R39: =B39-S39 -> 0.50776 | S39: ='[1]Tabela 2'!B39 -> 50.34353 | T39: ='[2]Tabela 2'!B40 -> 98.27458 | U39: ='[2]Tabela 2'!C40 -> 55.58356 | V39: ='[2]Tabela 2'!D40 -> 54.45351 | W39: ='[2]Tabela 2'!E40 -> 89.49299 | X39: ='[2]Tabela 2'!F40 -> 35.02899 | Y39: ='[2]Tabela 2'!G40 -> - | Z39: ='[2]Tabela 2'!H40 -> - | AA39: ='[2]Tabela 2'!I40 -> - | ... AG39: ='[2]Tabela 2'!O40 -> - | AH39: ='[3]Tabela 2'!B3 -> 0
A40: =EDATE(A39,1) -> 37561 | B40: ='[1]Tabela 1'!B40 -> 49.62596 | C40: ='[2]Tabela 1'!B41 -> 94.3213 | D40: ='[2]Tabela 1'!C41 -> 54.47114 | E40: ='[2]Tabela 1'!D41 -> 53.34019 | F40: ='[2]Tabela 1'!E41 -> 90.99587 | G40: ='[2]Tabela 1'!F41 -> 34.62583 | H40: ='[2]Tabela 1'!G41 -> - | I40: ='[2]Tabela 1'!H41 -> - | J40: ='[2]Tabela 1'!I41 -> - | ... P40: ='[2]Tabela 1'!O41 -> - | Q40: ='[3]Tabela 1'!B4 -> 0 | R40: =B40-S40 -> 0.41957 | S40: ='[1]Tabela 2'!B40 -> 49.20639 | T40: ='[2]Tabela 2'!B41 -> 95.33611 | U40: ='[2]Tabela 2'!C41 -> 54.45705 | V40: ='[2]Tabela 2'!D41 -> 53.32291 | W40: ='[2]Tabela 2'!E41 -> 89.46439 | X40: ='[2]Tabela 2'!F41 -> 34.02306 | Y40: ='[2]Tabela 2'!G41 -> - | Z40: ='[2]Tabela 2'!H41 -> - | AA40: ='[2]Tabela 2'!I41 -> - | ... AG40: ='[2]Tabela 2'!O41 -> - | AH40: ='[3]Tabela 2'!B4 -> 0
A41: =EDATE(A40,1) -> 37591 | B41: ='[1]Tabela 1'!B41 -> 64.68004 | C41: ='[2]Tabela 1'!B42 -> 97.72305 | D41: ='[2]Tabela 1'!C42 -> 65.53829 | E41: ='[2]Tabela 1'!D42 -> 64.61399 | F41: ='[2]Tabela 1'!E42 -> 167.23901 | G41: ='[2]Tabela 1'!F42 -> 50.52652 | H41: ='[2]Tabela 1'!G42 -> - | I41: ='[2]Tabela 1'!H42 -> - | J41: ='[2]Tabela 1'!I42 -> - | ... P41: ='[2]Tabela 1'!O42 -> - | Q41: ='[3]Tabela 1'!B5 -> 0 | R41: =B41-S41 -> 16.46228 | S41: ='[1]Tabela 2'!B41 -> 48.21776 | T41: ='[2]Tabela 2'!B42 -> 94.30028 | U41: ='[2]Tabela 2'!C42 -> 52.87487 | V41: ='[2]Tabela 2'!D42 -> 51.92463 | W41: ='[2]Tabela 2'!E42 -> 83.59985 | X41: ='[2]Tabela 2'!F42 -> 32.58177 | Y41: ='[2]Tabela 2'!G42 -> - | Z41: ='[2]Tabela 2'!H42 -> - | AA41: ='[2]Tabela 2'!I42 -> - | ... AG41: ='[2]Tabela 2'!O42 -> - | AH41: ='[3]Tabela 2'!B5 -> 0
A42: =EDATE(A41,1) -> 37622 | B42: ='[1]Tabela 1'!B42 -> 44.81215 | C42: ='[2]Tabela 1'!B43 -> 88.23938 | D42: ='[2]Tabela 1'!C43 -> 50.83973 | E42: ='[2]Tabela 1'!D43 -> 49.97488 | F42: ='[2]Tabela 1'!E43 -> 66.4493 | G42: ='[2]Tabela 1'!F43 -> 30.85988 | H42: ='[2]Tabela 1'!G43 -> - | I42: ='[2]Tabela 1'!H43 -> - | J42: ='[2]Tabela 1'!I43 -> 24.87825 | ... P42: ='[2]Tabela 1'!O43 -> - | Q42: ='[3]Tabela 1'!B6 -> 45.76243 | R42: =B42-S42 -> -2.96814 | S42: ='[1]Tabela 2'!B42 -> 47.78029 | T42: ='[2]Tabela 2'!B43 -> 90.22299 | U42: ='[2]Tabela 2'!C43 -> 52.89676 | V42: ='[2]Tabela 2'!D43 -> 52.05325 | W42: ='[2]Tabela 2'!E43 -> 87.47571 | X42: ='[2]Tabela 2'!F43 -> 32.90178 | Y42: ='[2]Tabela 2'!G43 -> - | Z42: ='[2]Tabela 2'!H43 -> - | AA42: ='[2]Tabela 2'!I43 -> 25.54661 | ... AG42: ='[2]Tabela 2'!O43 -> - | AH42: ='[3]Tabela 2'!B6 -> 47.00908
A43: =EDATE(A42,1) -> 37653 | B43: ='[1]Tabela 1'!B43 -> 43.32425 | C43: ='[2]Tabela 1'!B44 -> 81.84821 | D43: ='[2]Tabela 1'!C44 -> 48.93756 | E43: ='[2]Tabela 1'!D44 -> 48.03983 | F43: ='[2]Tabela 1'!E44 -> 68.43286 | G43: ='[2]Tabela 1'!F44 -> 28.55847 | H43: ='[2]Tabela 1'!G44 -> - | I43: ='[2]Tabela 1'!H44 -> - | J43: ='[2]Tabela 1'!I44 -> 23.3968 | ... P43: ='[2]Tabela 1'!O44 -> - | Q43: ='[3]Tabela 1'!B7 -> 44.07447 | R43: =B43-S43 -> -5.11744 | S43: ='[1]Tabela 2'!B43 -> 48.44169 | T43: ='[2]Tabela 2'!B44 -> 89.67826 | U43: ='[2]Tabela 2'!C44 -> 53.48672 | V43: ='[2]Tabela 2'!D44 -> 52.5767 | W43: ='[2]Tabela 2'!E44 -> 87.79634 | X43: ='[2]Tabela 2'!F44 -> 32.84447 | Y43: ='[2]Tabela 2'!G44 -> - | Z43: ='[2]Tabela 2'!H44 -> - | AA43: ='[2]Tabela 2'!I44 -> 25.39792 | ... AG43: ='[2]Tabela 2'!O44 -> - | AH43: ='[3]Tabela 2'!B7 -> 48.64951
A44: =EDATE(A43,1) -> 37681 | B44: ='[1]Tabela 1'!B44 -> 44.72463 | C44: ='[2]Tabela 1'!B45 -> 88.23938 | D44: ='[2]Tabela 1'!C45 -> 52.0502 | E44: ='[2]Tabela 1'!D45 -> 51.15274 | F44: ='[2]Tabela 1'!E45 -> 69.42464 | G44: ='[2]Tabela 1'!F45 -> 28.14003 | H44: ='[2]Tabela 1'!G45 -> - | I44: ='[2]Tabela 1'!H45 -> - | J44: ='[2]Tabela 1'!I45 -> 23.49896 | ... P44: ='[2]Tabela 1'!O45 -> - | Q44: ='[3]Tabela 1'!B8 -> 44.16825 | R44: =B44-S44 -> -2.39808 | S44: ='[1]Tabela 2'!B44 -> 47.12271 | T44: ='[2]Tabela 2'!B45 -> 90.19082 | U44: ='[2]Tabela 2'!C45 -> 52.3491 | V44: ='[2]Tabela 2'!D45 -> 51.36214 | W44: ='[2]Tabela 2'!E45 -> 88.19057 | X44: ='[2]Tabela 2'!F45 -> 31.36356 | Y44: ='[2]Tabela 2'!G45 -> - | Z44: ='[2]Tabela 2'!H45 -> - | AA44: ='[2]Tabela 2'!I45 -> 23.87234 | ... AG44: ='[2]Tabela 2'!O45 -> - | AH44: ='[3]Tabela 2'!B8 -> 47.27279
A45: =EDATE(A44,1) -> 37712 | B45: ='[1]Tabela 1'!B45 -> 45.42482 | C45: ='[2]Tabela 1'!B46 -> 88.03321 | D45: ='[2]Tabela 1'!C46 -> 52.7419 | E45: ='[2]Tabela 1'!D46 -> 51.65754 | F45: ='[2]Tabela 1'!E46 -> 74.50752 | G45: ='[2]Tabela 1'!F46 -> 28.24464 | H45: ='[2]Tabela 1'!G46 -> - | I45: ='[2]Tabela 1'!H46 -> - | J45: ='[2]Tabela 1'!I46 -> 24.21415 | ... P45: ='[2]Tabela 1'!O46 -> - | Q45: ='[3]Tabela 1'!B9 -> 45.106 | R45: =B45-S45 -> -1.74868 | S45: ='[1]Tabela 2'!B45 -> 47.1735 | T45: ='[2]Tabela 2'!B46 -> 90.50122 | U45: ='[2]Tabela 2'!C46 -> 52.45492 | V45: ='[2]Tabela 2'!D46 -> 51.49912 | W45: ='[2]Tabela 2'!E46 -> 87.71188 | X45: ='[2]Tabela 2'!F46 -> 31.74497 | Y45: ='[2]Tabela 2'!G46 -> - | Z45: ='[2]Tabela 2'!H46 -> - | AA45: ='[2]Tabela 2'!I46 -> 24.93551 | ... AG45: ='[2]Tabela 2'!O46 -> - | AH45: ='[3]Tabela 2'!B9 -> 47.17937
A46: =EDATE(A45,1) -> 37742 | B46: ='[1]Tabela 1'!B46 -> 47.43786 | C46: ='[2]Tabela 1'!B47 -> 92.98121 | D46: ='[2]Tabela 1'!C47 -> 52.30959 | E46: ='[2]Tabela 1'!D47 -> 51.40514 | F46: ='[2]Tabela 1'!E47 -> 82.68971 | G46: ='[2]Tabela 1'!F47 -> 33.1613 | H46: ='[2]Tabela 1'!G47 -> - | I46: ='[2]Tabela 1'!H47 -> - | J46: ='[2]Tabela 1'!I47 -> 25.79778 | ... P46: ='[2]Tabela 1'!O47 -> - | Q46: ='[3]Tabela 1'!B10 -> 47.07529 | R46: =B46-S46 -> 0.59272 | S46: ='[1]Tabela 2'!B46 -> 46.84514 | T46: ='[2]Tabela 2'!B47 -> 92.10275 | U46: ='[2]Tabela 2'!C47 -> 52.41504 | V46: ='[2]Tabela 2'!D47 -> 51.56535 | W46: ='[2]Tabela 2'!E47 -> 73.51995 | X46: ='[2]Tabela 2'!F47 -> 31.80281 | Y46: ='[2]Tabela 2'!G47 -> - | Z46: ='[2]Tabela 2'!H47 -> - | AA46: ='[2]Tabela 2'!I47 -> 24.8625 | ... AG46: ='[2]Tabela 2'!O47 -> - | AH46: ='[3]Tabela 2'!B10 -> 46.62564
A47: =EDATE(A46,1) -> 37773 | B47: ='[1]Tabela 1'!B47 -> 44.46205 | C47: ='[2]Tabela 1'!B48 -> 89.3733 | D47: ='[2]Tabela 1'!C48 -> 48.67818 | E47: ='[2]Tabela 1'!D48 -> 47.7033 | F47: ='[2]Tabela 1'!E48 -> 80.70615 | G47: ='[2]Tabela 1'!F48 -> 30.12761 | H47: ='[2]Tabela 1'!G48 -> - | I47: ='[2]Tabela 1'!H48 -> - | J47: ='[2]Tabela 1'!I48 -> 24.62283 | ... P47: ='[2]Tabela 1'!O48 -> - | Q47: ='[3]Tabela 1'!B11 -> 44.3558 | R47: =B47-S47 -> -2.66605 | S47: ='[1]Tabela 2'!B47 -> 47.1281 | T47: ='[2]Tabela 2'!B48 -> 90.84159 | U47: ='[2]Tabela 2'!C48 -> 52.08247 | V47: ='[2]Tabela 2'!D48 -> 51.10583 | W47: ='[2]Tabela 2'!E48 -> 79.63442 | X47: ='[2]Tabela 2'!F48 -> 32.78163 | Y47: ='[2]Tabela 2'!G48 -> - | Z47: ='[2]Tabela 2'!H48 -> - | AA47: ='[2]Tabela 2'!I48 -> 24.98221 | ... AG47: ='[2]Tabela 2'!O48 -> - | AH47: ='[3]Tabela 2'!B11 -> 47.09295
A48: =EDATE(A47,1) -> 37803 | B48: ='[1]Tabela 1'!B48 -> 47.00024 | C48: ='[2]Tabela 1'!B49 -> 98.75388 | D48: ='[2]Tabela 1'!C49 -> 51.3585 | E48: ='[2]Tabela 1'!D49 -> 50.31141 | F48: ='[2]Tabela 1'!E49 -> 82.06985 | G48: ='[2]Tabela 1'!F49 -> 32.84747 | H48: ='[2]Tabela 1'!G49 -> - | I48: ='[2]Tabela 1'!H49 -> - | J48: ='[2]Tabela 1'!I49 -> 26.10428 | ... P48: ='[2]Tabela 1'!O49 -> - | Q48: ='[3]Tabela 1'!B12 -> 47.73171 | R48: =B48-S48 -> -0.66967 | S48: ='[1]Tabela 2'!B48 -> 47.66991 | T48: ='[2]Tabela 2'!B49 -> 94.77138 | U48: ='[2]Tabela 2'!C49 -> 52.41441 | V48: ='[2]Tabela 2'!D49 -> 51.32895 | W48: ='[2]Tabela 2'!E49 -> 82.63087 | X48: ='[2]Tabela 2'!F49 -> 33.69662 | Y48: ='[2]Tabela 2'!G49 -> - | Z48: ='[2]Tabela 2'!H49 -> - | AA48: ='[2]Tabela 2'!I49 -> 25.54253 | ... AG48: ='[2]Tabela 2'!O49 -> - | AH48: ='[3]Tabela 2'!B12 -> 47.72093
... A302: =EDATE(A301,1) -> 45536 | B302: ='[1]Tabela 1'!B302 -> 102.30601 | C302: ='[2]Tabela 1'!B303 -> 103.15082 | D302: ='[2]Tabela 1'!C303 -> 105.42222 | E302: ='[2]Tabela 1'!D303 -> 106.68136 | F302: ='[2]Tabela 1'!E303 -> 82.97417 | G302: ='[2]Tabela 1'!F303 -> 96.15164 | H302: ='[2]Tabela 1'!G303 -> 91.9815 | I302: ='[2]Tabela 1'!H303 -> 99.38675 | J302: ='[2]Tabela 1'!I303 -> 120.26618 | ... P302: ='[2]Tabela 1'!O303 -> 88.08751 | Q302: ='[3]Tabela 1'!B266 -> 105.33063 | R302: =B302-S302 -> -4.99064 | S302: ='[1]Tabela 2'!B302 -> 107.29665 | T302: ='[2]Tabela 2'!B303 -> 101.88725 | U302: ='[2]Tabela 2'!C303 -> 109.33722 | V302: ='[2]Tabela 2'!D303 -> 110.89052 | W302: ='[2]Tabela 2'!E303 -> 96.35503 | X302: ='[2]Tabela 2'!F303 -> 102.8107 | Y302: ='[2]Tabela 2'!G303 -> - | Z302: ='[2]Tabela 2'!H303 -> - | AA302: ='[2]Tabela 2'!I303 -> 124.32019 | ... AG302: ='[2]Tabela 2'!O303 -> - | AH302: ='[3]Tabela 2'!B266 -> 108.43218

Sheet MoM
A1: ÍNDICE DE PESOS | B1: VOLUME DE VENDAS NO VAREJO - BRASIL (Base: MÉDIA 2011=100)
C2: 0.121 | D2: 0.54 | F2: 0.063 | G2: 0.069 | J2: 0.093 | K2: 0.003 | L2: 0.014 | M2: 0.097 | O2: 0.077 | Q2: 0.841
B3: DADOS ORIGINAIS
A4: Período | B4: Comércio Varejista | C4: 1. Combustiveis e Lubrificantes | D4: 2. Hipermercados, supermercados, prod. alimenticios, bebidas e fumo | F4: 3. Tecidos, vestuario e calçados | G4: 4. Móveis e Eletrodomésticos | H4: Móveis | I4: Eletrodomésticos | J4: 5. Demais artigos de uso pessoal e doméstico | N4: 6. Veículos, motos, partes e peças | O4: 7. Material de Construção | P4: 8. Atacado especializado em produtos alimenticios, bebidas e fumo | Q4: Comércio Varejista Ampliado
D5: Total | E5: 2.1 Supermercados e Hipermercados | J5: Artigos farmaceuticos, médicos, ortopédicos, de perfumaria e cosméticos | K5: Livros Jornais, revistas e papelaria | L5: Equipamentos e materiais para escritório, informática e comunicação | M5: Outros artigos de uso pessoal e domésticos
A6: 36526 | B6: =ENTRADA!S6/ENTRADA!S5-1 -> #DIV/0! | C6: =ENTRADA!T6/ENTRADA!T5-1 -> #DIV/0! | D6: =ENTRADA!U6/ENTRADA!U5-1 -> #VALUE! | E6: =ENTRADA!V6/ENTRADA!V5-1 -> #VALUE! | F6: =ENTRADA!W6/ENTRADA!W5-1 -> #DIV/0! | G6: =ENTRADA!X6/ENTRADA!X5-1 -> #DIV/0! | J6: =ENTRADA!AA6/ENTRADA!AA5-1 -> #VALUE! | K6: =ENTRADA!AB6/ENTRADA!AB5-1 -> #VALUE! | L6: =ENTRADA!AC6/ENTRADA!AC5-1 -> #VALUE! | M6: =ENTRADA!AD6/ENTRADA!AD5-1 -> #VALUE! | N6: =ENTRADA!AE6/ENTRADA!AE5-1 -> #DIV/0! | O6: =ENTRADA!AF6/ENTRADA!AF5-1 -> #VALUE! | Q6: =ENTRADA!AH6/ENTRADA!AH5-1 -> #REF!
A7: =EDATE(A6,1) -> 36557 | B7: =ENTRADA!S7/ENTRADA!S6-1 -> 0.0089319129 | C7: =ENTRADA!T7/ENTRADA!T6-1 -> -0.0065707208 | D7: =ENTRADA!U7/ENTRADA!U6-1 -> 0.010350366 | E7: =ENTRADA!V7/ENTRADA!V6-1 -> 0.0064800503 | F7: =ENTRADA!W7/ENTRADA!W6-1 -> 0.01608576 | G7: =ENTRADA!X7/ENTRADA!X6-1 -> 0.03240177 | J7: =ENTRADA!AA7/ENTRADA!AA6-1 -> #VALUE! | K7: =ENTRADA!AB7/ENTRADA!AB6-1 -> #VALUE! | L7: =ENTRADA!AC7/ENTRADA!AC6-1 -> #VALUE! | M7: =ENTRADA!AD7/ENTRADA!AD6-1 -> #VALUE! | N7: =ENTRADA!AE7/ENTRADA!AE6-1 -> 0.16428357 | O7: =ENTRADA!AF7/ENTRADA!AF6-1 -> #VALUE! | Q7: =ENTRADA!AH7/ENTRADA!AH6-1 -> #REF!
A8: =EDATE(A7,1) -> 36586 | B8: =ENTRADA!S8/ENTRADA!S7-1 -> 0.0061758624 | C8: =ENTRADA!T8/ENTRADA!T7-1 -> -0.0050478038 | D8: =ENTRADA!U8/ENTRADA!U7-1 -> 0.0011959379 | E8: =ENTRADA!V8/ENTRADA!V7-1 -> 0.005007715 | F8: =ENTRADA!W8/ENTRADA!W7-1 -> 0.020434255 | G8: =ENTRADA!X8/ENTRADA!X7-1 -> 0.010534022 | J8: =ENTRADA!AA8/ENTRADA!AA7-1 -> #VALUE! | K8: =ENTRADA!AB8/ENTRADA!AB7-1 -> #VALUE! | L8: =ENTRADA!AC8/ENTRADA!AC7-1 -> #VALUE! | M8: =ENTRADA!AD8/ENTRADA!AD7-1 -> #VALUE! | N8: =ENTRADA!AE8/ENTRADA!AE7-1 -> -0.029021121 | O8: =ENTRADA!AF8/ENTRADA!AF7-1 -> #VALUE! | Q8: =ENTRADA!AH8/ENTRADA!AH7-1 -> #REF!
A9: =EDATE(A8,1) -> 36617 | B9: =ENTRADA!S9/ENTRADA!S8-1 -> 0.00097634557 | C9: =ENTRADA!T9/ENTRADA!T8-1 -> 0.0034921177 | D9: =ENTRADA!U9/ENTRADA!U8-1 -> 0.00064783887 | E9: =ENTRADA!V9/ENTRADA!V8-1 -> 0.0043594733 | F9: =ENTRADA!W9/ENTRADA!W8-1 -> 0.016815247 | G9: =ENTRADA!X9/ENTRADA!X8-1 -> -0.0054015004 | J9: =ENTRADA!AA9/ENTRADA!AA8-1 -> #VALUE! | K9: =ENTRADA!AB9/ENTRADA!AB8-1 -> #VALUE! | L9: =ENTRADA!AC9/ENTRADA!AC8-1 -> #VALUE! | M9: =ENTRADA!AD9/ENTRADA!AD8-1 -> #VALUE! | N9: =ENTRADA!AE9/ENTRADA!AE8-1 -> -0.023870508 | O9: =ENTRADA!AF9/ENTRADA!AF8-1 -> #VALUE! | Q9: =ENTRADA!AH9/ENTRADA!AH8-1 -> #REF!
A10: =EDATE(A9,1) -> 36647 | B10: =ENTRADA!S10/ENTRADA!S9-1 -> 0.0060552476 | C10: =ENTRADA!T10/ENTRADA!T9-1 -> -0.02681678 | D10: =ENTRADA!U10/ENTRADA!U9-1 -> 0.0080918404 | E10: =ENTRADA!V10/ENTRADA!V9-1 -> 0.0064169845 | F10: =ENTRADA!W10/ENTRADA!W9-1 -> -0.017016267 | G10: =ENTRADA!X10/ENTRADA!X9-1 -> 0.024104204 | J10: =ENTRADA!AA10/ENTRADA!AA9-1 -> #VALUE! | K10: =ENTRADA!AB10/ENTRADA!AB9-1 -> #VALUE! | L10: =ENTRADA!AC10/ENTRADA!AC9-1 -> #VALUE! | M10: =ENTRADA!AD10/ENTRADA!AD9-1 -> #VALUE! | N10: =ENTRADA!AE10/ENTRADA!AE9-1 -> 0.058733194 | O10: =ENTRADA!AF10/ENTRADA!AF9-1 -> #VALUE! | Q10: =ENTRADA!AH10/ENTRADA!AH9-1 -> #REF!
A11: =EDATE(A10,1) -> 36678 | B11: =ENTRADA!S11/ENTRADA!S10-1 -> -0.0024022549 | C11: =ENTRADA!T11/ENTRADA!T10-1 -> -0.0019848848 | D11: =ENTRADA!U11/ENTRADA!U10-1 -> 0.0169324 | E11: =ENTRADA!V11/ENTRADA!V10-1 -> 0.015011995 | F11: =ENTRADA!W11/ENTRADA!W10-1 -> 0.0080587365 | G11: =ENTRADA!X11/ENTRADA!X10-1 -> 0.017115932 | J11: =ENTRADA!AA11/ENTRADA!AA10-1 -> #VALUE! | K11: =ENTRADA!AB11/ENTRADA!AB10-1 -> #VALUE! | L11: =ENTRADA!AC11/ENTRADA!AC10-1 -> #VALUE! | M11: =ENTRADA!AD11/ENTRADA!AD10-1 -> #VALUE! | N11: =ENTRADA!AE11/ENTRADA!AE10-1 -> -0.023977808 | O11: =ENTRADA!AF11/ENTRADA!AF10-1 -> #VALUE! | Q11: =ENTRADA!AH11/ENTRADA!AH10-1 -> #REF!
A12: =EDATE(A11,1) -> 36708 | B12: =ENTRADA!S12/ENTRADA!S11-1 -> 0.0031005197 | C12: =ENTRADA!T12/ENTRADA!T11-1 -> -0.020840452 | D12: =ENTRADA!U12/ENTRADA!U11-1 -> -0.0017780035 | E12: =ENTRADA!V12/ENTRADA!V11-1 -> 0.00038951187 | F12: =ENTRADA!W12/ENTRADA!W11-1 -> 0.00014869776 | G12: =ENTRADA!X12/ENTRADA!X11-1 -> 0.019399044 | J12: =ENTRADA!AA12/ENTRADA!AA11-1 -> #VALUE! | K12: =ENTRADA!AB12/ENTRADA!AB11-1 -> #VALUE! | L12: =ENTRADA!AC12/ENTRADA!AC11-1 -> #VALUE! | M12: =ENTRADA!AD12/ENTRADA!AD11-1 -> #VALUE! | N12: =ENTRADA!AE12/ENTRADA!AE11-1 -> 0.023961808 | O12: =ENTRADA!AF12/ENTRADA!AF11-1 -> #VALUE! | Q12: =ENTRADA!AH12/ENTRADA!AH11-1 -> #REF!
A13: =EDATE(A12,1) -> 36739 | B13: =ENTRADA!S13/ENTRADA!S12-1 -> -0.0081829217 | C13: =ENTRADA!T13/ENTRADA!T12-1 -> -0.050919701 | D13: =ENTRADA!U13/ENTRADA!U12-1 -> -0.0047838964 | E13: =ENTRADA!V13/ENTRADA!V12-1 -> -0.0056798854 | F13: =ENTRADA!W13/ENTRADA!W12-1 -> -0.013321158 | G13: =ENTRADA!X13/ENTRADA!X12-1 -> 0.01351403 | J13: =ENTRADA!AA13/ENTRADA!AA12-1 -> #VALUE! | K13: =ENTRADA!AB13/ENTRADA!AB12-1 -> #VALUE! | L13: =ENTRADA!AC13/ENTRADA!AC12-1 -> #VALUE! | M13: =ENTRADA!AD13/ENTRADA!AD12-1 -> #VALUE! | N13: =ENTRADA!AE13/ENTRADA!AE12-1 -> 0.04593755 | O13: =ENTRADA!AF13/ENTRADA!AF12-1 -> #VALUE! | Q13: =ENTRADA!AH13/ENTRADA!AH12-1 -> #REF!
A14: =EDATE(A13,1) -> 36770 | B14: =ENTRADA!S14/ENTRADA!S13-1 -> 0.0015826842 | C14: =ENTRADA!T14/ENTRADA!T13-1 -> 0.021109892 | D14: =ENTRADA!U14/ENTRADA!U13-1 -> 0.006959499 | E14: =ENTRADA!V14/ENTRADA!V13-1 -> 0.0083132426 | F14: =ENTRADA!W14/ENTRADA!W13-1 -> 0.0091955513 | G14: =ENTRADA!X14/ENTRADA!X13-1 -> -0.0050444579 | J14: =ENTRADA!AA14/ENTRADA!AA13-1 -> #VALUE! | K14: =ENTRADA!AB14/ENTRADA!AB13-1 -> #VALUE! | L14: =ENTRADA!AC14/ENTRADA!AC13-1 -> #VALUE! | M14: =ENTRADA!AD14/ENTRADA!AD13-1 -> #VALUE! | N14: =ENTRADA!AE14/ENTRADA!AE13-1 -> -0.071132092 | O14: =ENTRADA!AF14/ENTRADA!AF13-1 -> #VALUE! | Q14: =ENTRADA!AH14/ENTRADA!AH13-1 -> #REF!
A15: =EDATE(A14,1) -> 36800 | B15: =ENTRADA!S15/ENTRADA!S14-1 -> -0.014298756 | C15: =ENTRADA!T15/ENTRADA!T14-1 -> 0.0025682626 | D15: =ENTRADA!U15/ENTRADA!U14-1 -> -0.019664364 | E15: =ENTRADA!V15/ENTRADA!V14-1 -> -0.01627351 | F15: =ENTRADA!W15/ENTRADA!W14-1 -> -0.035616092 | G15: =ENTRADA!X15/ENTRADA!X14-1 -> -0.037979155 | J15: =ENTRADA!AA15/ENTRADA!AA14-1 -> #VALUE! | K15: =ENTRADA!AB15/ENTRADA!AB14-1 -> #VALUE! | L15: =ENTRADA!AC15/ENTRADA!AC14-1 -> #VALUE! | M15: =ENTRADA!AD15/ENTRADA!AD14-1 -> #VALUE! | N15: =ENTRADA!AE15/ENTRADA!AE14-1 -> 0.031387539 | O15: =ENTRADA!AF15/ENTRADA!AF14-1 -> #VALUE! | Q15: =ENTRADA!AH15/ENTRADA!AH14-1 -> #REF!
A16: =EDATE(A15,1) -> 36831 | B16: =ENTRADA!S16/ENTRADA!S15-1 -> 0.016984083 | C16: =ENTRADA!T16/ENTRADA!T15-1 -> -0.0063438903 | D16: =ENTRADA!U16/ENTRADA!U15-1 -> 0.01355918 | E16: =ENTRADA!V16/ENTRADA!V15-1 -> 0.0087706999 | F16: =ENTRADA!W16/ENTRADA!W15-1 -> 0.028291646 | G16: =ENTRADA!X16/ENTRADA!X15-1 -> 0.048094319 | J16: =ENTRADA!AA16/ENTRADA!AA15-1 -> #VALUE! | K16: =ENTRADA!AB16/ENTRADA!AB15-1 -> #VALUE! | L16: =ENTRADA!AC16/ENTRADA!AC15-1 -> #VALUE! | M16: =ENTRADA!AD16/ENTRADA!AD15-1 -> #VALUE! | N16: =ENTRADA!AE16/ENTRADA!AE15-1 -> 0.029029927 | O16: =ENTRADA!AF16/ENTRADA!AF15-1 -> #VALUE! | Q16: =ENTRADA!AH16/ENTRADA!AH15-1 -> #REF!
A17: =EDATE(A16,1) -> 36861 | B17: =ENTRADA!S17/ENTRADA!S16-1 -> 0.0024946539 | C17: =ENTRADA!T17/ENTRADA!T16-1 -> 0.0040483893 | D17: =ENTRADA!U17/ENTRADA!U16-1 -> 0.014334179 | E17: =ENTRADA!V17/ENTRADA!V16-1 -> 0.014879645 | F17: =ENTRADA!W17/ENTRADA!W16-1 -> -0.0069602879 | G17: =ENTRADA!X17/ENTRADA!X16-1 -> -0.0016060548 | J17: =ENTRADA!AA17/ENTRADA!AA16-1 -> #VALUE! | K17: =ENTRADA!AB17/ENTRADA!AB16-1 -> #VALUE! | L17: =ENTRADA!AC17/ENTRADA!AC16-1 -> #VALUE! | M17: =ENTRADA!AD17/ENTRADA!AD16-1 -> #VALUE! | N17: =ENTRADA!AE17/ENTRADA!AE16-1 -> -0.013158987 | O17: =ENTRADA!AF17/ENTRADA!AF16-1 -> #VALUE! | Q17: =ENTRADA!AH17/ENTRADA!AH16-1 -> #REF!
A18: =EDATE(A17,1) -> 36892 | B18: =ENTRADA!S18/ENTRADA!S17-1 -> -0.0021532302 | C18: =ENTRADA!T18/ENTRADA!T17-1 -> 0.0075009947 | D18: =ENTRADA!U18/ENTRADA!U17-1 -> 0.0035711566 | E18: =ENTRADA!V18/ENTRADA!V17-1 -> 0.00094408634 | F18: =ENTRADA!W18/ENTRADA!W17-1 -> 0.02520598 | G18: =ENTRADA!X18/ENTRADA!X17-1 -> -0.0066060657 | J18: =ENTRADA!AA18/ENTRADA!AA17-1 -> #VALUE! | K18: =ENTRADA!AB18/ENTRADA!AB17-1 -> #VALUE! | L18: =ENTRADA!AC18/ENTRADA!AC17-1 -> #VALUE! | M18: =ENTRADA!AD18/ENTRADA!AD17-1 -> #VALUE! | N18: =ENTRADA!AE18/ENTRADA!AE17-1 -> 0.026500026 | O18: =ENTRADA!AF18/ENTRADA!AF17-1 -> #VALUE! | Q18: =ENTRADA!AH18/ENTRADA!AH17-1 -> #REF!
... A302: =EDATE(A301,1) -> 45536 | B302: =ENTRADA!S302/ENTRADA!S301-1 -> 0.0075027022 | C302: =ENTRADA!T302/ENTRADA!T301-1 -> 0.02645575 | D302: =ENTRADA!U302/ENTRADA!U301-1 -> 0.0073010454 | E302: =ENTRADA!V302/ENTRADA!V301-1 -> 0.010324872 | F302: =ENTRADA!W302/ENTRADA!W301-1 -> -0.020691749 | G302: =ENTRADA!X302/ENTRADA!X301-1 -> -0.037702505 | J302: =ENTRADA!AA302/ENTRADA!AA301-1 -> 0.018507779 | K302: =ENTRADA!AB302/ENTRADA!AB301-1 -> -0.019267848 | L302: =ENTRADA!AC302/ENTRADA!AC301-1 -> -0.02095917 | M302: =ENTRADA!AD302/ENTRADA!AD301-1 -> 0.031297381 | N302: =ENTRADA!AE302/ENTRADA!AE301-1 -> 0.06375443 | O302: =ENTRADA!AF302/ENTRADA!AF301-1 -> 0.016470124 | Q302: =ENTRADA!AH302/ENTRADA!AH301-1 -> 0.02496408

Sheet QoQ
B1: VOLUME DE VENDAS NO VAREJO - BRASIL (Base: MÉDIA 2011=100)
B3: DADOS DESSAZONALIZADOS
A4: Período | B4: Comércio Varejista | C4: 1. Combustiveis e Lubrificantes | D4: 2. Hipermercados, supermercados, prod. alimenticios, bebidas e fumo | F4: 3. Tecidos, vestuario e calçados | G4: 4. Móveis e Eletrodomésticos | H4: Móveis | I4: Eletrodomésticos | J4: 5. Demais artigos de uso pessoal e doméstico | N4: 6. Veículos, motos, partes e peças | O4: 7. Material de Construção | P4: Comércio Varejista Ampliado
D5: Total | E5: 2.1 Supermercados e Hipermercados | J5: Artigos farmaceuticos, médicos, ortopédicos, de perfumaria e cosméticos | K5: Livros Jornais, revistas e papelaria | L5: Equipamentos e materiais para escritório, informática e comunicação | M5: Outros artigos de uso pessoal e domésticos
A6: =ENTRADA!A6 -> 36526 | B6: =SUM(ENTRADA!S4:S6)/SUM(ENTRADA!S1:S3)-1 -> #DIV/0! | C6: =SUM(ENTRADA!T4:T6)/SUM(ENTRADA!T1:T3)-1 -> #DIV/0! | D6: =SUM(ENTRADA!U4:U6)/SUM(ENTRADA!U1:U3)-1 -> #DIV/0! | E6: =SUM(ENTRADA!V4:V6)/SUM(ENTRADA!V1:V3)-1 -> #DIV/0! | F6: =SUM(ENTRADA!W4:W6)/SUM(ENTRADA!W1:W3)-1 -> #DIV/0! | G6: =SUM(ENTRADA!X4:X6)/SUM(ENTRADA!X1:X3)-1 -> #DIV/0! | J6: =SUM(ENTRADA!AA4:AA6)/SUM(ENTRADA!AA1:AA3)-1 -> #DIV/0! | K6: =SUM(ENTRADA!AB4:AB6)/SUM(ENTRADA!AB1:AB3)-1 -> #DIV/0! | L6: =SUM(ENTRADA!AC4:AC6)/SUM(ENTRADA!AC1:AC3)-1 -> #DIV/0! | M6: =SUM(ENTRADA!AD4:AD6)/SUM(ENTRADA!AD1:AD3)-1 -> #DIV/0! | N6: =SUM(ENTRADA!AE4:AE6)/SUM(ENTRADA!AE1:AE3)-1 -> #DIV/0! | O6: =SUM(ENTRADA!AF4:AF6)/SUM(ENTRADA!AF1:AF3)-1 -> #DIV/0! | P6: =SUM(ENTRADA!AH4:AH6)/SUM(ENTRADA!AH1:AH3)-1 -> #REF!
A7: =ENTRADA!A7 -> 36557 | B7: =SUM(ENTRADA!S5:S7)/SUM(ENTRADA!S2:S4)-1 -> #DIV/0! | C7: =SUM(ENTRADA!T5:T7)/SUM(ENTRADA!T2:T4)-1 -> #DIV/0! | D7: =SUM(ENTRADA!U5:U7)/SUM(ENTRADA!U2:U4)-1 -> #DIV/0! | E7: =SUM(ENTRADA!V5:V7)/SUM(ENTRADA!V2:V4)-1 -> #DIV/0! | F7: =SUM(ENTRADA!W5:W7)/SUM(ENTRADA!W2:W4)-1 -> #DIV/0! | G7: =SUM(ENTRADA!X5:X7)/SUM(ENTRADA!X2:X4)-1 -> #DIV/0! | J7: =SUM(ENTRADA!AA5:AA7)/SUM(ENTRADA!AA2:AA4)-1 -> #DIV/0! | K7: =SUM(ENTRADA!AB5:AB7)/SUM(ENTRADA!AB2:AB4)-1 -> #DIV/0! | L7: =SUM(ENTRADA!AC5:AC7)/SUM(ENTRADA!AC2:AC4)-1 -> #DIV/0! | M7: =SUM(ENTRADA!AD5:AD7)/SUM(ENTRADA!AD2:AD4)-1 -> #DIV/0! | N7: =SUM(ENTRADA!AE5:AE7)/SUM(ENTRADA!AE2:AE4)-1 -> #DIV/0! | O7: =SUM(ENTRADA!AF5:AF7)/SUM(ENTRADA!AF2:AF4)-1 -> #DIV/0! | P7: =SUM(ENTRADA!AH5:AH7)/SUM(ENTRADA!AH2:AH4)-1 -> #REF!
A8: =ENTRADA!A8 -> 36586 | B8: =SUM(ENTRADA!S6:S8)/SUM(ENTRADA!S3:S5)-1 -> #DIV/0! | C8: =SUM(ENTRADA!T6:T8)/SUM(ENTRADA!T3:T5)-1 -> #DIV/0! | D8: =SUM(ENTRADA!U6:U8)/SUM(ENTRADA!U3:U5)-1 -> #DIV/0! | E8: =SUM(ENTRADA!V6:V8)/SUM(ENTRADA!V3:V5)-1 -> #DIV/0! | F8: =SUM(ENTRADA!W6:W8)/SUM(ENTRADA!W3:W5)-1 -> #DIV/0! | G8: =SUM(ENTRADA!X6:X8)/SUM(ENTRADA!X3:X5)-1 -> #DIV/0! | J8: =SUM(ENTRADA!AA6:AA8)/SUM(ENTRADA!AA3:AA5)-1 -> #DIV/0! | K8: =SUM(ENTRADA!AB6:AB8)/SUM(ENTRADA!AB3:AB5)-1 -> #DIV/0! | L8: =SUM(ENTRADA!AC6:AC8)/SUM(ENTRADA!AC3:AC5)-1 -> #DIV/0! | M8: =SUM(ENTRADA!AD6:AD8)/SUM(ENTRADA!AD3:AD5)-1 -> #DIV/0! | N8: =SUM(ENTRADA!AE6:AE8)/SUM(ENTRADA!AE3:AE5)-1 -> #DIV/0! | O8: =SUM(ENTRADA!AF6:AF8)/SUM(ENTRADA!AF3:AF5)-1 -> #DIV/0! | P8: =SUM(ENTRADA!AH6:AH8)/SUM(ENTRADA!AH3:AH5)-1 -> #REF!
A9: =ENTRADA!A9 -> 36617 | B9: =SUM(ENTRADA!S7:S9)/SUM(ENTRADA!S4:S6)-1 -> 2.0402489 | C9: =SUM(ENTRADA!T7:T9)/SUM(ENTRADA!T4:T6)-1 -> 1.9737102 | D9: =SUM(ENTRADA!U7:U9)/SUM(ENTRADA!U4:U6)-1 -> 2.0341231 | E9: =SUM(ENTRADA!V7:V9)/SUM(ENTRADA!V4:V6)-1 -> 2.0339302 | F9: =SUM(ENTRADA!W7:W9)/SUM(ENTRADA!W4:W6)-1 -> 2.1072181 | G9: =SUM(ENTRADA!X7:X9)/SUM(ENTRADA!X4:X6)-1 -> 2.1133207 | J9: =SUM(ENTRADA!AA7:AA9)/SUM(ENTRADA!AA4:AA6)-1 -> #DIV/0! | K9: =SUM(ENTRADA!AB7:AB9)/SUM(ENTRADA!AB4:AB6)-1 -> #DIV/0! | L9: =SUM(ENTRADA!AC7:AC9)/SUM(ENTRADA!AC4:AC6)-1 -> #DIV/0! | M9: =SUM(ENTRADA!AD7:AD9)/SUM(ENTRADA!AD4:AD6)-1 -> #DIV/0! | N9: =SUM(ENTRADA!AE7:AE9)/SUM(ENTRADA!AE4:AE6)-1 -> 2.3982876 | O9: =SUM(ENTRADA!AF7:AF9)/SUM(ENTRADA!AF4:AF6)-1 -> #DIV/0! | P9: =SUM(ENTRADA!AH7:AH9)/SUM(ENTRADA!AH4:AH6)-1 -> #REF!
A10: =ENTRADA!A10 -> 36647 | B10: =SUM(ENTRADA!S8:S10)/SUM(ENTRADA!S5:S7)-1 -> 0.52002373 | C10: =SUM(ENTRADA!T8:T10)/SUM(ENTRADA!T5:T7)-1 -> 0.47762884 | D10: =SUM(ENTRADA!U8:U10)/SUM(ENTRADA!U5:U7)-1 -> 0.51425216 | E10: =SUM(ENTRADA!V8:V10)/SUM(ENTRADA!V5:V7)-1 -> 0.5200247 | F10: =SUM(ENTRADA!W8:W10)/SUM(ENTRADA!W5:W7)-1 -> 0.55126135 | G10: =SUM(ENTRADA!X8:X10)/SUM(ENTRADA!X5:X7)-1 -> 0.54672781 | J10: =SUM(ENTRADA!AA8:AA10)/SUM(ENTRADA!AA5:AA7)-1 -> #DIV/0! | K10: =SUM(ENTRADA!AB8:AB10)/SUM(ENTRADA!AB5:AB7)-1 -> #DIV/0! | L10: =SUM(ENTRADA!AC8:AC10)/SUM(ENTRADA!AC5:AC7)-1 -> #DIV/0! | M10: =SUM(ENTRADA!AD8:AD10)/SUM(ENTRADA!AD5:AD7)-1 -> #DIV/0! | N10: =SUM(ENTRADA!AE8:AE10)/SUM(ENTRADA!AE5:AE7)-1 -> 0.57203334 | O10: =SUM(ENTRADA!AF8:AF10)/SUM(ENTRADA!AF5:AF7)-1 -> #DIV/0! | P10: =SUM(ENTRADA!AH8:AH10)/SUM(ENTRADA!AH5:AH7)-1 -> #REF!
A11: =ENTRADA!A11 -> 36678 | B11: =SUM(ENTRADA!S9:S11)/SUM(ENTRADA!S6:S8)-1 -> 0.011315022 | C11: =SUM(ENTRADA!T9:T11)/SUM(ENTRADA!T6:T8)-1 -> -0.020577294 | D11: =SUM(ENTRADA!U9:U11)/SUM(ENTRADA!U6:U8)-1 -> 0.016013794 | E11: =SUM(ENTRADA!V9:V11)/SUM(ENTRADA!V6:V8)-1 -> 0.019276632 | F11: =SUM(ENTRADA!W9:W11)/SUM(ENTRADA!W6:W8)-1 -> 0.026986479 | G11: =SUM(ENTRADA!X9:X11)/SUM(ENTRADA!X6:X8)-1 -> 0.034287727 | J11: =SUM(ENTRADA!AA9:AA11)/SUM(ENTRADA!AA6:AA8)-1 -> #DIV/0! | K11: =SUM(ENTRADA!AB9:AB11)/SUM(ENTRADA!AB6:AB8)-1 -> #DIV/0! | L11: =SUM(ENTRADA!AC9:AC11)/SUM(ENTRADA!AC6:AC8)-1 -> #DIV/0! | M11: =SUM(ENTRADA!AD9:AD11)/SUM(ENTRADA!AD6:AD8)-1 -> #DIV/0! | N11: =SUM(ENTRADA!AE9:AE11)/SUM(ENTRADA!AE6:AE8)-1 -> 0.035620284 | O11: =SUM(ENTRADA!AF9:AF11)/SUM(ENTRADA!AF6:AF8)-1 -> #DIV/0! | P11: =SUM(ENTRADA!AH9:AH11)/SUM(ENTRADA!AH6:AH8)-1 -> #REF!
A12: =ENTRADA!A12 -> 36708 | B12: =SUM(ENTRADA!S10:S12)/SUM(ENTRADA!S7:S9)-1 -> 0.0081976518 | C12: =SUM(ENTRADA!T10:T12)/SUM(ENTRADA!T7:T9)-1 -> -0.034238666 | D12: =SUM(ENTRADA!U10:U12)/SUM(ENTRADA!U7:U9)-1 -> 0.019709744 | E12: =SUM(ENTRADA!V10:V12)/SUM(ENTRADA!V7:V9)-1 -> 0.021265951 | F12: =SUM(ENTRADA!W10:W12)/SUM(ENTRADA!W7:W9)-1 -> 0.0060090284 | G12: =SUM(ENTRADA!X10:X12)/SUM(ENTRADA!X7:X9)-1 -> 0.042393099 | J12: =SUM(ENTRADA!AA10:AA12)/SUM(ENTRADA!AA7:AA9)-1 -> #DIV/0! | K12: =SUM(ENTRADA!AB10:AB12)/SUM(ENTRADA!AB7:AB9)-1 -> #DIV/0! | L12: =SUM(ENTRADA!AC10:AC12)/SUM(ENTRADA!AC7:AC9)-1 -> #DIV/0! | M12: =SUM(ENTRADA!AD10:AD12)/SUM(ENTRADA!AD7:AD9)-1 -> #DIV/0! | N12: =SUM(ENTRADA!AE10:AE12)/SUM(ENTRADA!AE7:AE9)-1 -> 0.022945185 | O12: =SUM(ENTRADA!AF10:AF12)/SUM(ENTRADA!AF7:AF9)-1 -> #DIV/0! | P12: =SUM(ENTRADA!AH10:AH12)/SUM(ENTRADA!AH7:AH9)-1 -> #REF!
A13: =ENTRADA!A13 -> 36739 | B13: =SUM(ENTRADA!S11:S13)/SUM(ENTRADA!S8:S10)-1 -> 0.0012714896 | C13: =SUM(ENTRADA!T11:T13)/SUM(ENTRADA!T8:T10)-1 -> -0.04877806 | D13: =SUM(ENTRADA!U11:U13)/SUM(ENTRADA!U8:U10)-1 -> 0.01978368 | E13: =SUM(ENTRADA!V11:V13)/SUM(ENTRADA!V8:V10)-1 -> 0.019150374 | F13: =SUM(ENTRADA!W11:W13)/SUM(ENTRADA!W8:W10)-1 -> -0.0022376337 | G13: =SUM(ENTRADA!X11:X13)/SUM(ENTRADA!X8:X10)-1 -> 0.04955419 | J13: =SUM(ENTRADA!AA11:AA13)/SUM(ENTRADA!AA8:AA10)-1 -> #DIV/0! | K13: =SUM(ENTRADA!AB11:AB13)/SUM(ENTRADA!AB8:AB10)-1 -> #DIV/0! | L13: =SUM(ENTRADA!AC11:AC13)/SUM(ENTRADA!AC8:AC10)-1 -> #DIV/0! | M13: =SUM(ENTRADA!AD11:AD13)/SUM(ENTRADA!AD8:AD10)-1 -> #DIV/0! | N13: =SUM(ENTRADA!AE11:AE13)/SUM(ENTRADA!AE8:AE10)-1 -> 0.037293372 | O13: =SUM(ENTRADA!AF11:AF13)/SUM(ENTRADA!AF8:AF10)-1 -> #DIV/0! | P13: =SUM(ENTRADA!AH11:AH13)/SUM(ENTRADA!AH8:AH10)-1 -> #REF!
A14: =ENTRADA!A14 -> 36770 | B14: =SUM(ENTRADA!S12:S14)/SUM(ENTRADA!S9:S11)-1 -> -0.001441655 | C14: =SUM(ENTRADA!T12:T14)/SUM(ENTRADA!T9:T11)-1 -> -0.057464644 | D14: =SUM(ENTRADA!U12:U14)/SUM(ENTRADA!U9:U11)-1 -> 0.011228608 | E14: =SUM(ENTRADA!V12:V14)/SUM(ENTRADA!V9:V11)-1 -> 0.011448618 | F14: =SUM(ENTRADA!W12:W14)/SUM(ENTRADA!W9:W11)-1 -> -0.0061007919 | G14: =SUM(ENTRADA!X12:X14)/SUM(ENTRADA!X9:X11)-1 -> 0.046661507 | J14: =SUM(ENTRADA!AA12:AA14)/SUM(ENTRADA!AA9:AA11)-1 -> #DIV/0! | K14: =SUM(ENTRADA!AB12:AB14)/SUM(ENTRADA!AB9:AB11)-1 -> #DIV/0! | L14: =SUM(ENTRADA!AC12:AC14)/SUM(ENTRADA!AC9:AC11)-1 -> #DIV/0! | M14: =SUM(ENTRADA!AD12:AD14)/SUM(ENTRADA!AD9:AD11)-1 -> #DIV/0! | N14: =SUM(ENTRADA!AE12:AE14)/SUM(ENTRADA!AE9:AE11)-1 -> 0.032578203 | O14: =SUM(ENTRADA!AF12:AF14)/SUM(ENTRADA!AF9:AF11)-1 -> #DIV/0! | P14: =SUM(ENTRADA!AH12:AH14)/SUM(ENTRADA!AH9:AH11)-1 -> #REF!
A15: =ENTRADA!A15 -> 36800 | B15: =SUM(ENTRADA!S13:S15)/SUM(ENTRADA!S10:S12)-1 -> -0.01062413 | C15: =SUM(ENTRADA!T13:T15)/SUM(ENTRADA!T10:T12)-1 -> -0.050843933 | D15: =SUM(ENTRADA!U13:U15)/SUM(ENTRADA!U10:U12)-1 -> -0.0023730382 | E15: =SUM(ENTRADA!V13:V15)/SUM(ENTRADA!V10:V12)-1 -> -0.00042228183 | F15: =SUM(ENTRADA!W13:W15)/SUM(ENTRADA!W10:W12)-1 -> -0.016375814 | G15: =SUM(ENTRADA!X13:X15)/SUM(ENTRADA!X10:X12)-1 -> 0.015816366 | J15: =SUM(ENTRADA!AA13:AA15)/SUM(ENTRADA!AA10:AA12)-1 -> #DIV/0! | K15: =SUM(ENTRADA!AB13:AB15)/SUM(ENTRADA!AB10:AB12)-1 -> #DIV/0! | L15: =SUM(ENTRADA!AC13:AC15)/SUM(ENTRADA!AC10:AC12)-1 -> #DIV/0! | M15: =SUM(ENTRADA!AD13:AD15)/SUM(ENTRADA!AD10:AD12)-1 -> #DIV/0! | N15: =SUM(ENTRADA!AE13:AE15)/SUM(ENTRADA!AE10:AE12)-1 -> 0.014213926 | O15: =SUM(ENTRADA!AF13:AF15)/SUM(ENTRADA!AF10:AF12)-1 -> #DIV/0! | P15: =SUM(ENTRADA!AH13:AH15)/SUM(ENTRADA!AH10:AH12)-1 -> #REF!
A16: =ENTRADA!A16 -> 36831 | B16: =SUM(ENTRADA!S14:S16)/SUM(ENTRADA!S11:S13)-1 -> -0.0068067727 | C16: =SUM(ENTRADA!T14:T16)/SUM(ENTRADA!T11:T13)-1 -> -0.021614971 | D16: =SUM(ENTRADA!U14:U16)/SUM(ENTRADA!U11:U13)-1 -> -0.0055596667 | E16: =SUM(ENTRADA!V14:V16)/SUM(ENTRADA!V11:V13)-1 -> -0.0033912762 | F16: =SUM(ENTRADA!W14:W16)/SUM(ENTRADA!W11:W13)-1 -> -0.014410018 | G16: =SUM(ENTRADA!X14:X16)/SUM(ENTRADA!X11:X13)-1 -> 0.00026049285 | J16: =SUM(ENTRADA!AA14:AA16)/SUM(ENTRADA!AA11:AA13)-1 -> #DIV/0! | K16: =SUM(ENTRADA!AB14:AB16)/SUM(ENTRADA!AB11:AB13)-1 -> #DIV/0! | L16: =SUM(ENTRADA!AC14:AC16)/SUM(ENTRADA!AC11:AC13)-1 -> #DIV/0! | M16: =SUM(ENTRADA!AD14:AD16)/SUM(ENTRADA!AD11:AD13)-1 -> #DIV/0! | N16: =SUM(ENTRADA!AE14:AE16)/SUM(ENTRADA!AE11:AE13)-1 -> -0.0059042203 | O16: =SUM(ENTRADA!AF14:AF16)/SUM(ENTRADA!AF11:AF13)-1 -> #DIV/0! | P16: =SUM(ENTRADA!AH14:AH16)/SUM(ENTRADA!AH11:AH13)-1 -> #REF!
A17: =ENTRADA!A17 -> 36861 | B17: =SUM(ENTRADA!S15:S17)/SUM(ENTRADA!S12:S14)-1 -> -0.0039899434 | C17: =SUM(ENTRADA!T15:T17)/SUM(ENTRADA!T12:T14)-1 -> -0.0040442561 | D17: =SUM(ENTRADA!U15:U17)/SUM(ENTRADA!U12:U14)-1 -> -0.0030478689 | E17: =SUM(ENTRADA!V15:V17)/SUM(ENTRADA!V12:V14)-1 -> -0.0019987241 | F17: =SUM(ENTRADA!W15:W17)/SUM(ENTRADA!W12:W14)-1 -> -0.018141641 | G17: =SUM(ENTRADA!X15:X17)/SUM(ENTRADA!X12:X14)-1 -> -0.0065938295 | J17: =SUM(ENTRADA!AA15:AA17)/SUM(ENTRADA!AA12:AA14)-1 -> #DIV/0! | K17: =SUM(ENTRADA!AB15:AB17)/SUM(ENTRADA!AB12:AB14)-1 -> #DIV/0! | L17: =SUM(ENTRADA!AC15:AC17)/SUM(ENTRADA!AC12:AC14)-1 -> #DIV/0! | M17: =SUM(ENTRADA!AD15:AD17)/SUM(ENTRADA!AD12:AD14)-1 -> #DIV/0! | N17: =SUM(ENTRADA!AE15:AE17)/SUM(ENTRADA!AE12:AE14)-1 -> 0.011012507 | O17: =SUM(ENTRADA!AF15:AF17)/SUM(ENTRADA!AF12:AF14)-1 -> #DIV/0! | P17: =SUM(ENTRADA!AH15:AH17)/SUM(ENTRADA!AH12:AH14)-1 -> #REF!
... A302: =ENTRADA!A302 -> 45536 | B302: =SUM(ENTRADA!S300:S302)/SUM(ENTRADA!S297:S299)-1 -> 0.0027692805 | C302: =SUM(ENTRADA!T300:T302)/SUM(ENTRADA!T297:T299)-1 -> -0.010545386 | D302: =SUM(ENTRADA!U300:U302)/SUM(ENTRADA!U297:U299)-1 -> 0.007375581 | E302: =SUM(ENTRADA!V300:V302)/SUM(ENTRADA!V297:V299)-1 -> 0.010756093 | F302: =SUM(ENTRADA!W300:W302)/SUM(ENTRADA!W297:W299)-1 -> 0.013191016 | G302: =SUM(ENTRADA!X300:X302)/SUM(ENTRADA!X297:X299)-1 -> 0.0037687558 | J302: =SUM(ENTRADA!AA300:AA302)/SUM(ENTRADA!AA297:AA299)-1 -> 0.016733144 | K302: =SUM(ENTRADA!AB300:AB302)/SUM(ENTRADA!AB297:AB299)-1 -> -0.027684492 | L302: =SUM(ENTRADA!AC300:AC302)/SUM(ENTRADA!AC297:AC299)-1 -> -0.021078629 | M302: =SUM(ENTRADA!AD300:AD302)/SUM(ENTRADA!AD297:AD299)-1 -> -0.013980571 | N302: =SUM(ENTRADA!AE300:AE302)/SUM(ENTRADA!AE297:AE299)-1 -> 0.043602515 | O302: =SUM(ENTRADA!AF300:AF302)/SUM(ENTRADA!AF297:AF299)-1 -> 0.030365949 | P302: =SUM(ENTRADA!AH300:AH302)/SUM(ENTRADA!AH297:AH299)-1 -> 0.0079190298

Sheet YoY
B1: VOLUME DE VENDAS NO VAREJO - BRASIL (Base: MÉDIA 2011=100)
B3: DADOS ORIGINAIS
A4: Período | B4: Comércio Varejista | C4: 1. Combustiveis e Lubrificantes | D4: 2. Hipermercados, supermercados, prod. alimenticios, bebidas e fumo | F4: 3. Tecidos, vestuario e calçados | G4: 4. Móveis e Eletrodomésticos | H4: Móveis | I4: Eletrodomésticos | J4: 5. Demais artigos de uso pessoal e doméstico | N4: 6. Veículos, motos, partes e peças | O4: 7. Material de Construção | P4: 8. Atacado especializado em produtos alimenticios, bebidas e fumo | Q4: Comércio Varejista Ampliado | T4: Comércio Varejista | U4: 1. Combustiveis e Lubrificantes | V4: 2. Hipermercados, supermercados, prod. alimenticios, bebidas e fumo | X4: 3. Tecidos, vestuario e calçados | Y4: 4. Móveis e Eletrodomésticos | Z4: Móveis | AA4: Eletrodomésticos | AB4: 5. Demais artigos de uso pessoal e doméstico | AF4: 6. Veículos, motos, partes e peças | AG4: 7. Material de Construção | AH4: 11. Atacado especializado em produtos alimenticios, bebidas e fumo | AI4: Comércio Varejista Ampliado
D5: Total | E5: 2.1 Supermercados e Hipermercados | J5: Artigos farmaceuticos, médicos, ortopédicos, de perfumaria e cosméticos | K5: Livros Jornais, revistas e papelaria | L5: Equipamentos e materiais para escritório, informática e comunicação | M5: Outros artigos de uso pessoal e domésticos | V5: Total | W5: 2.1 Supermercados e Hipermercados | AB5: Artigos farmaceuticos, médicos, ortopédicos, de perfumaria e cosméticos | AC5: Livros Jornais, revistas e papelaria | AD5: Equipamentos e materiais para escritório, informática e comunicação | AE5: Outros artigos de uso pessoal e domésticos
A6: =ENTRADA!A6 -> 36526 | B6: =ENTRADA!B6/ENTRADA!#REF!-1 -> #REF! | C6: =ENTRADA!C6/ENTRADA!#REF!-1 -> #REF! | D6: =ENTRADA!D6/ENTRADA!#REF!-1 -> #REF! | E6: =ENTRADA!E6/ENTRADA!#REF!-1 -> #REF! | F6: =ENTRADA!F6/ENTRADA!#REF!-1 -> #REF! | G6: =ENTRADA!G6/ENTRADA!#REF!-1 -> #REF! | H6: =ENTRADA!H6/ENTRADA!#REF!-1 -> #VALUE! | I6: =ENTRADA!I6/ENTRADA!#REF!-1 -> #VALUE! | ... Q6: =ENTRADA!Q6/ENTRADA!#REF!-1 -> #REF! | T6: =AVERAGE(B4:B6) -> #REF! | U6: =AVERAGE(C4:C6) -> #REF! | V6: =AVERAGE(D4:D6) -> #REF! | W6: =AVERAGE(E4:E6) -> #REF! | X6: =AVERAGE(F4:F6) -> #REF! | Y6: =AVERAGE(G4:G6) -> #REF! | Z6: =AVERAGE(H4:H6) -> #VALUE! | AA6: =AVERAGE(I4:I6) -> #VALUE! | ... AI6: =AVERAGE(Q4:Q6) -> #REF!
A7: =ENTRADA!A7 -> 36557 | B7: =ENTRADA!B7/ENTRADA!#REF!-1 -> #REF! | C7: =ENTRADA!C7/ENTRADA!#REF!-1 -> #REF! | D7: =ENTRADA!D7/ENTRADA!#REF!-1 -> #REF! | E7: =ENTRADA!E7/ENTRADA!#REF!-1 -> #REF! | F7: =ENTRADA!F7/ENTRADA!#REF!-1 -> #REF! | G7: =ENTRADA!G7/ENTRADA!#REF!-1 -> #REF! | H7: =ENTRADA!H7/ENTRADA!#REF!-1 -> #VALUE! | I7: =ENTRADA!I7/ENTRADA!#REF!-1 -> #VALUE! | ... Q7: =ENTRADA!Q7/ENTRADA!#REF!-1 -> #REF! | T7: =AVERAGE(B5:B7) -> #REF! | U7: =AVERAGE(C5:C7) -> #REF! | V7: =AVERAGE(D5:D7) -> #REF! | W7: =AVERAGE(E5:E7) -> #REF! | X7: =AVERAGE(F5:F7) -> #REF! | Y7: =AVERAGE(G5:G7) -> #REF! | Z7: =AVERAGE(H5:H7) -> #VALUE! | AA7: =AVERAGE(I5:I7) -> #VALUE! | ... AI7: =AVERAGE(Q5:Q7) -> #REF!
A8: =ENTRADA!A8 -> 36586 | B8: =ENTRADA!B8/ENTRADA!#REF!-1 -> #REF! | C8: =ENTRADA!C8/ENTRADA!#REF!-1 -> #REF! | D8: =ENTRADA!D8/ENTRADA!#REF!-1 -> #REF! | E8: =ENTRADA!E8/ENTRADA!#REF!-1 -> #REF! | F8: =ENTRADA!F8/ENTRADA!#REF!-1 -> #REF! | G8: =ENTRADA!G8/ENTRADA!#REF!-1 -> #REF! | H8: =ENTRADA!H8/ENTRADA!#REF!-1 -> #VALUE! | I8: =ENTRADA!I8/ENTRADA!#REF!-1 -> #VALUE! | ... Q8: =ENTRADA!Q8/ENTRADA!#REF!-1 -> #REF! | T8: =AVERAGE(B6:B8) -> #REF! | U8: =AVERAGE(C6:C8) -> #REF! | V8: =AVERAGE(D6:D8) -> #REF! | W8: =AVERAGE(E6:E8) -> #REF! | X8: =AVERAGE(F6:F8) -> #REF! | Y8: =AVERAGE(G6:G8) -> #REF! | Z8: =AVERAGE(H6:H8) -> #VALUE! | AA8: =AVERAGE(I6:I8) -> #VALUE! | ... AI8: =AVERAGE(Q6:Q8) -> #REF!
A9: =ENTRADA!A9 -> 36617 | B9: =ENTRADA!B9/ENTRADA!#REF!-1 -> #REF! | C9: =ENTRADA!C9/ENTRADA!#REF!-1 -> #REF! | D9: =ENTRADA!D9/ENTRADA!#REF!-1 -> #REF! | E9: =ENTRADA!E9/ENTRADA!#REF!-1 -> #REF! | F9: =ENTRADA!F9/ENTRADA!#REF!-1 -> #REF! | G9: =ENTRADA!G9/ENTRADA!#REF!-1 -> #REF! | H9: =ENTRADA!H9/ENTRADA!#REF!-1 -> #VALUE! | I9: =ENTRADA!I9/ENTRADA!#REF!-1 -> #VALUE! | ... Q9: =ENTRADA!Q9/ENTRADA!#REF!-1 -> #REF! | T9: =AVERAGE(B7:B9) -> #REF! | U9: =AVERAGE(C7:C9) -> #REF! | V9: =AVERAGE(D7:D9) -> #REF! | W9: =AVERAGE(E7:E9) -> #REF! | X9: =AVERAGE(F7:F9) -> #REF! | Y9: =AVERAGE(G7:G9) -> #REF! | Z9: =AVERAGE(H7:H9) -> #VALUE! | AA9: =AVERAGE(I7:I9) -> #VALUE! | ... AI9: =AVERAGE(Q7:Q9) -> #REF!
A10: =ENTRADA!A10 -> 36647 | B10: =ENTRADA!B10/ENTRADA!#REF!-1 -> #REF! | C10: =ENTRADA!C10/ENTRADA!#REF!-1 -> #REF! | D10: =ENTRADA!D10/ENTRADA!#REF!-1 -> #REF! | E10: =ENTRADA!E10/ENTRADA!#REF!-1 -> #REF! | F10: =ENTRADA!F10/ENTRADA!#REF!-1 -> #REF! | G10: =ENTRADA!G10/ENTRADA!#REF!-1 -> #REF! | H10: =ENTRADA!H10/ENTRADA!#REF!-1 -> #VALUE! | I10: =ENTRADA!I10/ENTRADA!#REF!-1 -> #VALUE! | ... Q10: =ENTRADA!Q10/ENTRADA!#REF!-1 -> #REF! | T10: =AVERAGE(B8:B10) -> #REF! | U10: =AVERAGE(C8:C10) -> #REF! | V10: =AVERAGE(D8:D10) -> #REF! | W10: =AVERAGE(E8:E10) -> #REF! | X10: =AVERAGE(F8:F10) -> #REF! | Y10: =AVERAGE(G8:G10) -> #REF! | Z10: =AVERAGE(H8:H10) -> #VALUE! | AA10: =AVERAGE(I8:I10) -> #VALUE! | ... AI10: =AVERAGE(Q8:Q10) -> #REF!
A11: =ENTRADA!A11 -> 36678 | B11: =ENTRADA!B11/ENTRADA!#REF!-1 -> #REF! | C11: =ENTRADA!C11/ENTRADA!#REF!-1 -> #REF! | D11: =ENTRADA!D11/ENTRADA!#REF!-1 -> #REF! | E11: =ENTRADA!E11/ENTRADA!#REF!-1 -> #REF! | F11: =ENTRADA!F11/ENTRADA!#REF!-1 -> #REF! | G11: =ENTRADA!G11/ENTRADA!#REF!-1 -> #REF! | H11: =ENTRADA!H11/ENTRADA!#REF!-1 -> #VALUE! | I11: =ENTRADA!I11/ENTRADA!#REF!-1 -> #VALUE! | ... Q11: =ENTRADA!Q11/ENTRADA!#REF!-1 -> #REF! | T11: =AVERAGE(B9:B11) -> #REF! | U11: =AVERAGE(C9:C11) -> #REF! | V11: =AVERAGE(D9:D11) -> #REF! | W11: =AVERAGE(E9:E11) -> #REF! | X11: =AVERAGE(F9:F11) -> #REF! | Y11: =AVERAGE(G9:G11) -> #REF! | Z11: =AVERAGE(H9:H11) -> #VALUE! | AA11: =AVERAGE(I9:I11) -> #VALUE! | ... AI11: =AVERAGE(Q9:Q11) -> #REF!
A12: =ENTRADA!A12 -> 36708 | B12: =ENTRADA!B12/ENTRADA!#REF!-1 -> #REF! | C12: =ENTRADA!C12/ENTRADA!#REF!-1 -> #REF! | D12: =ENTRADA!D12/ENTRADA!#REF!-1 -> #REF! | E12: =ENTRADA!E12/ENTRADA!#REF!-1 -> #REF! | F12: =ENTRADA!F12/ENTRADA!#REF!-1 -> #REF! | G12: =ENTRADA!G12/ENTRADA!#REF!-1 -> #REF! | H12: =ENTRADA!H12/ENTRADA!#REF!-1 -> #VALUE! | I12: =ENTRADA!I12/ENTRADA!#REF!-1 -> #VALUE! | ... Q12: =ENTRADA!Q12/ENTRADA!#REF!-1 -> #REF! | T12: =AVERAGE(B10:B12) -> #REF! | U12: =AVERAGE(C10:C12) -> #REF! | V12: =AVERAGE(D10:D12) -> #REF! | W12: =AVERAGE(E10:E12) -> #REF! | X12: =AVERAGE(F10:F12) -> #REF! | Y12: =AVERAGE(G10:G12) -> #REF! | Z12: =AVERAGE(H10:H12) -> #VALUE! | AA12: =AVERAGE(I10:I12) -> #VALUE! | ... AI12: =AVERAGE(Q10:Q12) -> #REF!
A13: =ENTRADA!A13 -> 36739 | B13: =ENTRADA!B13/ENTRADA!B1-1 -> #VALUE! | C13: =ENTRADA!C13/ENTRADA!C1-1 -> #DIV/0! | D13: =ENTRADA!D13/ENTRADA!D1-1 -> #DIV/0! | E13: =ENTRADA!E13/ENTRADA!E1-1 -> #DIV/0! | F13: =ENTRADA!F13/ENTRADA!F1-1 -> #DIV/0! | G13: =ENTRADA!G13/ENTRADA!G1-1 -> #DIV/0! | H13: =ENTRADA!H13/ENTRADA!H1-1 -> #VALUE! | I13: =ENTRADA!I13/ENTRADA!I1-1 -> #VALUE! | ... Q13: =ENTRADA!Q13/ENTRADA!Q1-1 -> #REF! | T13: =AVERAGE(B11:B13) -> #REF! | U13: =AVERAGE(C11:C13) -> #REF! | V13: =AVERAGE(D11:D13) -> #REF! | W13: =AVERAGE(E11:E13) -> #REF! | X13: =AVERAGE(F11:F13) -> #REF! | Y13: =AVERAGE(G11:G13) -> #REF! | Z13: =AVERAGE(H11:H13) -> #VALUE! | AA13: =AVERAGE(I11:I13) -> #VALUE! | ... AI13: =AVERAGE(Q11:Q13) -> #REF!
A14: =ENTRADA!A14 -> 36770 | B14: =ENTRADA!B14/ENTRADA!B2-1 -> #DIV/0! | C14: =ENTRADA!C14/ENTRADA!C2-1 -> #DIV/0! | D14: =ENTRADA!D14/ENTRADA!D2-1 -> #DIV/0! | E14: =ENTRADA!E14/ENTRADA!E2-1 -> #DIV/0! | F14: =ENTRADA!F14/ENTRADA!F2-1 -> #DIV/0! | G14: =ENTRADA!G14/ENTRADA!G2-1 -> #DIV/0! | H14: =ENTRADA!H14/ENTRADA!H2-1 -> #VALUE! | I14: =ENTRADA!I14/ENTRADA!I2-1 -> #VALUE! | ... Q14: =ENTRADA!Q14/ENTRADA!Q2-1 -> #REF! | T14: =AVERAGE(B12:B14) -> #REF! | U14: =AVERAGE(C12:C14) -> #REF! | V14: =AVERAGE(D12:D14) -> #REF! | W14: =AVERAGE(E12:E14) -> #REF! | X14: =AVERAGE(F12:F14) -> #REF! | Y14: =AVERAGE(G12:G14) -> #REF! | Z14: =AVERAGE(H12:H14) -> #VALUE! | AA14: =AVERAGE(I12:I14) -> #VALUE! | ... AI14: =AVERAGE(Q12:Q14) -> #REF!
A15: =ENTRADA!A15 -> 36800 | B15: =ENTRADA!B15/ENTRADA!B3-1 -> #VALUE! | C15: =ENTRADA!C15/ENTRADA!C3-1 -> #DIV/0! | D15: =ENTRADA!D15/ENTRADA!D3-1 -> #DIV/0! | E15: =ENTRADA!E15/ENTRADA!E3-1 -> #DIV/0! | F15: =ENTRADA!F15/ENTRADA!F3-1 -> #DIV/0! | G15: =ENTRADA!G15/ENTRADA!G3-1 -> #DIV/0! | H15: =ENTRADA!H15/ENTRADA!H3-1 -> #VALUE! | I15: =ENTRADA!I15/ENTRADA!I3-1 -> #VALUE! | ... Q15: =ENTRADA!Q15/ENTRADA!Q3-1 -> #REF! | T15: =AVERAGE(B13:B15) -> #VALUE! | U15: =AVERAGE(C13:C15) -> #DIV/0! | V15: =AVERAGE(D13:D15) -> #DIV/0! | W15: =AVERAGE(E13:E15) -> #DIV/0! | X15: =AVERAGE(F13:F15) -> #DIV/0! | Y15: =AVERAGE(G13:G15) -> #DIV/0! | Z15: =AVERAGE(H13:H15) -> #VALUE! | AA15: =AVERAGE(I13:I15) -> #VALUE! | ... AI15: =AVERAGE(Q13:Q15) -> #REF!
A16: =ENTRADA!A16 -> 36831 | B16: =ENTRADA!B16/ENTRADA!B4-1 -> #VALUE! | C16: =ENTRADA!C16/ENTRADA!C4-1 -> #VALUE! | D16: =ENTRADA!D16/ENTRADA!D4-1 -> #VALUE! | E16: =ENTRADA!E16/ENTRADA!E4-1 -> #DIV/0! | F16: =ENTRADA!F16/ENTRADA!F4-1 -> #VALUE! | G16: =ENTRADA!G16/ENTRADA!G4-1 -> #VALUE! | H16: =ENTRADA!H16/ENTRADA!H4-1 -> #VALUE! | I16: =ENTRADA!I16/ENTRADA!I4-1 -> #VALUE! | ... Q16: =ENTRADA!Q16/ENTRADA!Q4-1 -> #REF! | T16: =AVERAGE(B14:B16) -> #DIV/0! | U16: =AVERAGE(C14:C16) -> #DIV/0! | V16: =AVERAGE(D14:D16) -> #DIV/0! | W16: =AVERAGE(E14:E16) -> #DIV/0! | X16: =AVERAGE(F14:F16) -> #DIV/0! | Y16: =AVERAGE(G14:G16) -> #DIV/0! | Z16: =AVERAGE(H14:H16) -> #VALUE! | AA16: =AVERAGE(I14:I16) -> #VALUE! | ... AI16: =AVERAGE(Q14:Q16) -> #REF!
A17: =ENTRADA!A17 -> 36861 | B17: =ENTRADA!B17/ENTRADA!B5-1 -> #DIV/0! | C17: =ENTRADA!C17/ENTRADA!C5-1 -> #DIV/0! | D17: =ENTRADA!D17/ENTRADA!D5-1 -> #VALUE! | E17: =ENTRADA!E17/ENTRADA!E5-1 -> #VALUE! | F17: =ENTRADA!F17/ENTRADA!F5-1 -> #DIV/0! | G17: =ENTRADA!G17/ENTRADA!G5-1 -> #VALUE! | H17: =ENTRADA!H17/ENTRADA!H5-1 -> #VALUE! | I17: =ENTRADA!I17/ENTRADA!I5-1 -> #VALUE! | ... Q17: =ENTRADA!Q17/ENTRADA!Q5-1 -> #REF! | T17: =AVERAGE(B15:B17) -> #VALUE! | U17: =AVERAGE(C15:C17) -> #DIV/0! | V17: =AVERAGE(D15:D17) -> #DIV/0! | W17: =AVERAGE(E15:E17) -> #DIV/0! | X17: =AVERAGE(F15:F17) -> #DIV/0! | Y17: =AVERAGE(G15:G17) -> #DIV/0! | Z17: =AVERAGE(H15:H17) -> #VALUE! | AA17: =AVERAGE(I15:I17) -> #VALUE! | ... AI17: =AVERAGE(Q15:Q17) -> #REF!
A18: =ENTRADA!A18 -> 36892 | B18: =ENTRADA!B18/ENTRADA!B6-1 -> 0.018797052 | C18: =ENTRADA!C18/ENTRADA!C6-1 -> -0.079569886 | D18: =ENTRADA!D18/ENTRADA!D6-1 -> 0.032894881 | E18: =ENTRADA!E18/ENTRADA!E6-1 -> 0.033222674 | F18: =ENTRADA!F18/ENTRADA!F6-1 -> 0.079999948 | G18: =ENTRADA!G18/ENTRADA!G6-1 -> 0.11186466 | H18: =ENTRADA!H18/ENTRADA!H6-1 -> #VALUE! | I18: =ENTRADA!I18/ENTRADA!I6-1 -> #VALUE! | ... Q18: =ENTRADA!Q18/ENTRADA!Q6-1 -> #REF! | T18: =AVERAGE(B16:B18) -> #VALUE! | U18: =AVERAGE(C16:C18) -> #VALUE! | V18: =AVERAGE(D16:D18) -> #VALUE! | W18: =AVERAGE(E16:E18) -> #DIV/0! | X18: =AVERAGE(F16:F18) -> #VALUE! | Y18: =AVERAGE(G16:G18) -> #VALUE! | Z18: =AVERAGE(H16:H18) -> #VALUE! | AA18: =AVERAGE(I16:I18) -> #VALUE! | ... AI18: =AVERAGE(Q16:Q18) -> #REF!
A19: =ENTRADA!A19 -> 36923 | B19: =ENTRADA!B19/ENTRADA!B7-1 -> -0.050185855 | C19: =ENTRADA!C19/ENTRADA!C7-1 -> -0.12197796 | D19: =ENTRADA!D19/ENTRADA!D7-1 -> 0.0066225457 | E19: =ENTRADA!E19/ENTRADA!E7-1 -> 0.015075274 | F19: =ENTRADA!F19/ENTRADA!F7-1 -> -0.0091407252 | G19: =ENTRADA!G19/ENTRADA!G7-1 -> -0.0070422677 | H19: =ENTRADA!H19/ENTRADA!H7-1 -> #VALUE! | I19: =ENTRADA!I19/ENTRADA!I7-1 -> #VALUE! | ... Q19: =ENTRADA!Q19/ENTRADA!Q7-1 -> #REF! | T19: =AVERAGE(B17:B19) -> #DIV/0! | U19: =AVERAGE(C17:C19) -> #DIV/0! | V19: =AVERAGE(D17:D19) -> #VALUE! | W19: =AVERAGE(E17:E19) -> #VALUE! | X19: =AVERAGE(F17:F19) -> #DIV/0! | Y19: =AVERAGE(G17:G19) -> #VALUE! | Z19: =AVERAGE(H17:H19) -> #VALUE! | AA19: =AVERAGE(I17:I19) -> #VALUE! | ... AI19: =AVERAGE(Q17:Q19) -> #REF!
A20: =ENTRADA!A20 -> 36951 | B20: =ENTRADA!B20/ENTRADA!B8-1 -> 0.024955393 | C20: =ENTRADA!C20/ENTRADA!C8-1 -> -0.058635431 | D20: =ENTRADA!D20/ENTRADA!D8-1 -> 0.048362011 | E20: =ENTRADA!E20/ENTRADA!E8-1 -> 0.051805296 | F20: =ENTRADA!F20/ENTRADA!F8-1 -> 0.071304411 | G20: =ENTRADA!G20/ENTRADA!G8-1 -> 0.10631221 | H20: =ENTRADA!H20/ENTRADA!H8-1 -> #VALUE! | I20: =ENTRADA!I20/ENTRADA!I8-1 -> #VALUE! | ... Q20: =ENTRADA!Q20/ENTRADA!Q8-1 -> #REF! | T20: =AVERAGE(B18:B20) -> -0.00214447 | U20: =AVERAGE(C18:C20) -> -0.086727759 | V20: =AVERAGE(D18:D20) -> 0.029293146 | W20: =AVERAGE(E18:E20) -> 0.033367748 | X20: =AVERAGE(F18:F20) -> 0.047387878 | Y20: =AVERAGE(G18:G20) -> 0.070378201 | Z20: =AVERAGE(H18:H20) -> #VALUE! | AA20: =AVERAGE(I18:I20) -> #VALUE! | ... AI20: =AVERAGE(Q18:Q20) -> #REF!
A21: =ENTRADA!A21 -> 36982 | B21: =ENTRADA!B21/ENTRADA!B9-1 -> -0.019607823 | C21: =ENTRADA!C21/ENTRADA!C9-1 -> -0.065310426 | D21: =ENTRADA!D21/ENTRADA!D9-1 -> 0.0061256006 | E21: =ENTRADA!E21/ENTRADA!E9-1 -> 0.0030817451 | F21: =ENTRADA!F21/ENTRADA!F9-1 -> -0.033280581 | G21: =ENTRADA!G21/ENTRADA!G9-1 -> 0.031250073 | H21: =ENTRADA!H21/ENTRADA!H9-1 -> #VALUE! | I21: =ENTRADA!I21/ENTRADA!I9-1 -> #VALUE! | ... Q21: =ENTRADA!Q21/ENTRADA!Q9-1 -> #REF! | T21: =AVERAGE(B19:B21) -> -0.014946095 | U21: =AVERAGE(C19:C21) -> -0.081974606 | V21: =AVERAGE(D19:D21) -> 0.020370052 | W21: =AVERAGE(E19:E21) -> 0.023320772 | X21: =AVERAGE(F19:F21) -> 0.0096277015 | Y21: =AVERAGE(G19:G21) -> 0.043506672 | Z21: =AVERAGE(H19:H21) -> #VALUE! | AA21: =AVERAGE(I19:I21) -> #VALUE! | ... AI21: =AVERAGE(Q19:Q21) -> #REF!
A22: =ENTRADA!A22 -> 37012 | B22: =ENTRADA!B22/ENTRADA!B10-1 -> -0.022260303 | C22: =ENTRADA!C22/ENTRADA!C10-1 -> -0.024811241 | D22: =ENTRADA!D22/ENTRADA!D10-1 -> 0.0031999212 | E22: =ENTRADA!E22/ENTRADA!E10-1 -> 0.0080646321 | F22: =ENTRADA!F22/ENTRADA!F10-1 -> 0.034659824 | G22: =ENTRADA!G22/ENTRADA!G10-1 -> 0.0028735695 | H22: =ENTRADA!H22/ENTRADA!H10-1 -> #VALUE! | I22: =ENTRADA!I22/ENTRADA!I10-1 -> #VALUE! | ... Q22: =ENTRADA!Q22/ENTRADA!Q10-1 -> #REF! | T22: =AVERAGE(B20:B22) -> -0.0056375777 | U22: =AVERAGE(C20:C22) -> -0.049585699 | V22: =AVERAGE(D20:D22) -> 0.019229178 | W22: =AVERAGE(E20:E22) -> 0.020983891 | X22: =AVERAGE(F20:F22) -> 0.024227885 | Y22: =AVERAGE(G20:G22) -> 0.046811951 | Z22: =AVERAGE(H20:H22) -> #VALUE! | AA22: =AVERAGE(I20:I22) -> #VALUE! | ... AI22: =AVERAGE(Q20:Q22) -> #REF!
A23: =ENTRADA!A23 -> 37043 | B23: =ENTRADA!B23/ENTRADA!B11-1 -> -0.012589804 | C23: =ENTRADA!C23/ENTRADA!C11-1 -> -0.03027022 | D23: =ENTRADA!D23/ENTRADA!D11-1 -> 0.0048000669 | E23: =ENTRADA!E23/ENTRADA!E11-1 -> 0.011272149 | F23: =ENTRADA!F23/ENTRADA!F11-1 -> 0.0082192283 | G23: =ENTRADA!G23/ENTRADA!G11-1 -> -0.029508261 | H23: =ENTRADA!H23/ENTRADA!H11-1 -> #VALUE! | I23: =ENTRADA!I23/ENTRADA!I11-1 -> #VALUE! | ... Q23: =ENTRADA!Q23/ENTRADA!Q11-1 -> #REF! | T23: =AVERAGE(B21:B23) -> -0.018152643 | U23: =AVERAGE(C21:C23) -> -0.040130629 | V23: =AVERAGE(D21:D23) -> 0.0047085296 | W23: =AVERAGE(E21:E23) -> 0.0074728421 | X23: =AVERAGE(F21:F23) -> 0.0031994905 | Y23: =AVERAGE(G21:G23) -> 0.0015384602 | Z23: =AVERAGE(H21:H23) -> #VALUE! | AA23: =AVERAGE(I21:I23) -> #VALUE! | ... AI23: =AVERAGE(Q21:Q23) -> #REF!
A24: =ENTRADA!A24 -> 37073 | B24: =ENTRADA!B24/ENTRADA!B12-1 -> -0.041666675 | C24: =ENTRADA!C24/ENTRADA!C12-1 -> -0.021482197 | D24: =ENTRADA!D24/ENTRADA!D12-1 -> -0.030864151 | E24: =ENTRADA!E24/ENTRADA!E12-1 -> -0.027863769 | F24: =ENTRADA!F24/ENTRADA!F12-1 -> -0.06171104 | G24: =ENTRADA!G24/ENTRADA!G12-1 -> -0.050595069 | H24: =ENTRADA!H24/ENTRADA!H12-1 -> #VALUE! | I24: =ENTRADA!I24/ENTRADA!I12-1 -> #VALUE! | ... Q24: =ENTRADA!Q24/ENTRADA!Q12-1 -> #REF! | T24: =AVERAGE(B22:B24) -> -0.025505594 | U24: =AVERAGE(C22:C24) -> -0.02552122 | V24: =AVERAGE(D22:D24) -> -0.0076213877 | W24: =AVERAGE(E22:E24) -> -0.0028423293 | X24: =AVERAGE(F22:F24) -> -0.0062773292 | Y24: =AVERAGE(G22:G24) -> -0.025743254 | Z24: =AVERAGE(H22:H24) -> #VALUE! | AA24: =AVERAGE(I22:I24) -> #VALUE! | ... AI24: =AVERAGE(Q22:Q24) -> #REF!
... A302: =ENTRADA!A302 -> 45536 | B302: =ENTRADA!B302/ENTRADA!B290-1 -> 0.021062086 | C302: =ENTRADA!C302/ENTRADA!C290-1 -> -0.015230064 | D302: =ENTRADA!D302/ENTRADA!D290-1 -> 0.0063500285 | E302: =ENTRADA!E302/ENTRADA!E290-1 -> 0.012562525 | F302: =ENTRADA!F302/ENTRADA!F290-1 -> 0.0071413988 | G302: =ENTRADA!G302/ENTRADA!G290-1 -> -0.0039363268 | H302: =ENTRADA!H302/ENTRADA!H290-1 -> 0.037571945 | I302: =ENTRADA!I302/ENTRADA!I290-1 -> -0.018885226 | ... Q302: =ENTRADA!Q302/ENTRADA!Q290-1 -> 0.038881021 | T302: =AVERAGE(B300:B302) -> 0.039134621 | U302: =AVERAGE(C300:C302) -> -0.03496306 | V302: =AVERAGE(D300:D302) -> 0.033214717 | W302: =AVERAGE(E300:E302) -> 0.04002686 | X302: =AVERAGE(F300:F302) -> 0.040475789 | Y302: =AVERAGE(G300:G302) -> 0.047075097 | Z302: =AVERAGE(H300:H302) -> 0.083988347 | AA302: =AVERAGE(I300:I302) -> 0.032441416 | ... AI302: =AVERAGE(Q300:Q302) -> 0.047570339

Sheet 12mYoY
B1: VOLUME DE VENDAS NO VAREJO - BRASIL (Base: MÉDIA 2011=100)
B3: DADOS ORIGINAIS
A4: Período | B4: Comércio Varejista | C4: 1. Combustiveis e Lubrificantes | D4: 2. Hipermercados, supermercados, prod. alimenticios, bebidas e fumo | F4: 3. Tecidos, vestuario e calçados | G4: 4. Móveis e Eletrodomésticos | H4: Móveis | I4: Eletrodomésticos | J4: 5. Demais artigos de uso pessoal e doméstico | N4: 6. Veículos, motos, partes e peças | O4: 7. Material de Construção | P4: 8. Atacado especializado em produtos alimenticios, bebidas e fumo | Q4: Comércio Varejista Ampliado
D5: Total | E5: 2.1 Supermercados e Hipermercados | J5: Artigos farmaceuticos, médicos, ortopédicos, de perfumaria e cosméticos | K5: Livros Jornais, revistas e papelaria | L5: Equipamentos e materiais para escritório, informática e comunicação | M5: Outros artigos de uso pessoal e domésticos
A6: =ENTRADA!A6 -> 36526 | B6: =AVERAGE(ENTRADA!#REF!)/AVERAGE(ENTRADA!#REF!)-1 -> #REF! | C6: =AVERAGE(ENTRADA!#REF!)/AVERAGE(ENTRADA!#REF!)-1 -> #REF! | D6: =AVERAGE(ENTRADA!#REF!)/AVERAGE(ENTRADA!#REF!)-1 -> #REF! | E6: =AVERAGE(ENTRADA!#REF!)/AVERAGE(ENTRADA!#REF!)-1 -> #REF! | F6: =AVERAGE(ENTRADA!#REF!)/AVERAGE(ENTRADA!#REF!)-1 -> #REF! | G6: =AVERAGE(ENTRADA!#REF!)/AVERAGE(ENTRADA!#REF!)-1 -> #REF! | H6: =AVERAGE(ENTRADA!#REF!)/AVERAGE(ENTRADA!#REF!)-1 -> #REF! | I6: =AVERAGE(ENTRADA!#REF!)/AVERAGE(ENTRADA!#REF!)-1 -> #REF! | ... Q6: =AVERAGE(ENTRADA!#REF!)/AVERAGE(ENTRADA!#REF!)-1 -> #REF!
A7: =ENTRADA!A7 -> 36557 | B7: =AVERAGE(ENTRADA!#REF!)/AVERAGE(ENTRADA!#REF!)-1 -> #REF! | C7: =AVERAGE(ENTRADA!#REF!)/AVERAGE(ENTRADA!#REF!)-1 -> #REF! | D7: =AVERAGE(ENTRADA!#REF!)/AVERAGE(ENTRADA!#REF!)-1 -> #REF! | E7: =AVERAGE(ENTRADA!#REF!)/AVERAGE(ENTRADA!#REF!)-1 -> #REF! | F7: =AVERAGE(ENTRADA!#REF!)/AVERAGE(ENTRADA!#REF!)-1 -> #REF! | G7: =AVERAGE(ENTRADA!#REF!)/AVERAGE(ENTRADA!#REF!)-1 -> #REF! | H7: =AVERAGE(ENTRADA!#REF!)/AVERAGE(ENTRADA!#REF!)-1 -> #REF! | I7: =AVERAGE(ENTRADA!#REF!)/AVERAGE(ENTRADA!#REF!)-1 -> #REF! | ... Q7: =AVERAGE(ENTRADA!#REF!)/AVERAGE(ENTRADA!#REF!)-1 -> #REF!
A8: =ENTRADA!A8 -> 36586 | B8: =AVERAGE(ENTRADA!#REF!)/AVERAGE(ENTRADA!#REF!)-1 -> #REF! | C8: =AVERAGE(ENTRADA!#REF!)/AVERAGE(ENTRADA!#REF!)-1 -> #REF! | D8: =AVERAGE(ENTRADA!#REF!)/AVERAGE(ENTRADA!#REF!)-1 -> #REF! | E8: =AVERAGE(ENTRADA!#REF!)/AVERAGE(ENTRADA!#REF!)-1 -> #REF! | F8: =AVERAGE(ENTRADA!#REF!)/AVERAGE(ENTRADA!#REF!)-1 -> #REF! | G8: =AVERAGE(ENTRADA!#REF!)/AVERAGE(ENTRADA!#REF!)-1 -> #REF! | H8: =AVERAGE(ENTRADA!#REF!)/AVERAGE(ENTRADA!#REF!)-1 -> #REF! | I8: =AVERAGE(ENTRADA!#REF!)/AVERAGE(ENTRADA!#REF!)-1 -> #REF! | ... Q8: =AVERAGE(ENTRADA!#REF!)/AVERAGE(ENTRADA!#REF!)-1 -> #REF!
A9: =ENTRADA!A9 -> 36617 | B9: =AVERAGE(ENTRADA!#REF!)/AVERAGE(ENTRADA!#REF!)-1 -> #REF! | C9: =AVERAGE(ENTRADA!#REF!)/AVERAGE(ENTRADA!#REF!)-1 -> #REF! | D9: =AVERAGE(ENTRADA!#REF!)/AVERAGE(ENTRADA!#REF!)-1 -> #REF! | E9: =AVERAGE(ENTRADA!#REF!)/AVERAGE(ENTRADA!#REF!)-1 -> #REF! | F9: =AVERAGE(ENTRADA!#REF!)/AVERAGE(ENTRADA!#REF!)-1 -> #REF! | G9: =AVERAGE(ENTRADA!#REF!)/AVERAGE(ENTRADA!#REF!)-1 -> #REF! | H9: =AVERAGE(ENTRADA!#REF!)/AVERAGE(ENTRADA!#REF!)-1 -> #REF! | I9: =AVERAGE(ENTRADA!#REF!)/AVERAGE(ENTRADA!#REF!)-1 -> #REF! | ... Q9: =AVERAGE(ENTRADA!#REF!)/AVERAGE(ENTRADA!#REF!)-1 -> #REF!
A10: =ENTRADA!A10 -> 36647 | B10: =AVERAGE(ENTRADA!#REF!)/AVERAGE(ENTRADA!#REF!)-1 -> #REF! | C10: =AVERAGE(ENTRADA!#REF!)/AVERAGE(ENTRADA!#REF!)-1 -> #REF! | D10: =AVERAGE(ENTRADA!#REF!)/AVERAGE(ENTRADA!#REF!)-1 -> #REF! | E10: =AVERAGE(ENTRADA!#REF!)/AVERAGE(ENTRADA!#REF!)-1 -> #REF! | F10: =AVERAGE(ENTRADA!#REF!)/AVERAGE(ENTRADA!#REF!)-1 -> #REF! | G10: =AVERAGE(ENTRADA!#REF!)/AVERAGE(ENTRADA!#REF!)-1 -> #REF! | H10: =AVERAGE(ENTRADA!#REF!)/AVERAGE(ENTRADA!#REF!)-1 -> #REF! | I10: =AVERAGE(ENTRADA!#REF!)/AVERAGE(ENTRADA!#REF!)-1 -> #REF! | ... Q10: =AVERAGE(ENTRADA!#REF!)/AVERAGE(ENTRADA!#REF!)-1 -> #REF!
A11: =ENTRADA!A11 -> 36678 | B11: =AVERAGE(ENTRADA!#REF!)/AVERAGE(ENTRADA!#REF!)-1 -> #REF! | C11: =AVERAGE(ENTRADA!#REF!)/AVERAGE(ENTRADA!#REF!)-1 -> #REF! | D11: =AVERAGE(ENTRADA!#REF!)/AVERAGE(ENTRADA!#REF!)-1 -> #REF! | E11: =AVERAGE(ENTRADA!#REF!)/AVERAGE(ENTRADA!#REF!)-1 -> #REF! | F11: =AVERAGE(ENTRADA!#REF!)/AVERAGE(ENTRADA!#REF!)-1 -> #REF! | G11: =AVERAGE(ENTRADA!#REF!)/AVERAGE(ENTRADA!#REF!)-1 -> #REF! | H11: =AVERAGE(ENTRADA!#REF!)/AVERAGE(ENTRADA!#REF!)-1 -> #REF! | I11: =AVERAGE(ENTRADA!#REF!)/AVERAGE(ENTRADA!#REF!)-1 -> #REF! | ... Q11: =AVERAGE(ENTRADA!#REF!)/AVERAGE(ENTRADA!#REF!)-1 -> #REF!
A12: =ENTRADA!A12 -> 36708 | B12: =AVERAGE(ENTRADA!B1:B12)/AVERAGE(ENTRADA!#REF!)-1 -> #REF! | C12: =AVERAGE(ENTRADA!C1:C12)/AVERAGE(ENTRADA!#REF!)-1 -> #REF! | D12: =AVERAGE(ENTRADA!D1:D12)/AVERAGE(ENTRADA!#REF!)-1 -> #REF! | E12: =AVERAGE(ENTRADA!E1:E12)/AVERAGE(ENTRADA!#REF!)-1 -> #REF! | F12: =AVERAGE(ENTRADA!F1:F12)/AVERAGE(ENTRADA!#REF!)-1 -> #REF! | G12: =AVERAGE(ENTRADA!G1:G12)/AVERAGE(ENTRADA!#REF!)-1 -> #REF! | H12: =AVERAGE(ENTRADA!H1:H12)/AVERAGE(ENTRADA!#REF!)-1 -> #DIV/0! | I12: =AVERAGE(ENTRADA!I1:I12)/AVERAGE(ENTRADA!#REF!)-1 -> #DIV/0! | ... Q12: =AVERAGE(ENTRADA!Q1:Q12)/AVERAGE(ENTRADA!#REF!)-1 -> #REF!
A13: =ENTRADA!A13 -> 36739 | B13: =AVERAGE(ENTRADA!B2:B13)/AVERAGE(ENTRADA!#REF!)-1 -> #REF! | C13: =AVERAGE(ENTRADA!C2:C13)/AVERAGE(ENTRADA!#REF!)-1 -> #REF! | D13: =AVERAGE(ENTRADA!D2:D13)/AVERAGE(ENTRADA!#REF!)-1 -> #REF! | E13: =AVERAGE(ENTRADA!E2:E13)/AVERAGE(ENTRADA!#REF!)-1 -> #REF! | F13: =AVERAGE(ENTRADA!F2:F13)/AVERAGE(ENTRADA!#REF!)-1 -> #REF! | G13: =AVERAGE(ENTRADA!G2:G13)/AVERAGE(ENTRADA!#REF!)-1 -> #REF! | H13: =AVERAGE(ENTRADA!H2:H13)/AVERAGE(ENTRADA!#REF!)-1 -> #DIV/0! | I13: =AVERAGE(ENTRADA!I2:I13)/AVERAGE(ENTRADA!#REF!)-1 -> #DIV/0! | ... Q13: =AVERAGE(ENTRADA!Q2:Q13)/AVERAGE(ENTRADA!#REF!)-1 -> #REF!
A14: =ENTRADA!A14 -> 36770 | B14: =AVERAGE(ENTRADA!B3:B14)/AVERAGE(ENTRADA!#REF!)-1 -> #REF! | C14: =AVERAGE(ENTRADA!C3:C14)/AVERAGE(ENTRADA!#REF!)-1 -> #REF! | D14: =AVERAGE(ENTRADA!D3:D14)/AVERAGE(ENTRADA!#REF!)-1 -> #REF! | E14: =AVERAGE(ENTRADA!E3:E14)/AVERAGE(ENTRADA!#REF!)-1 -> #REF! | F14: =AVERAGE(ENTRADA!F3:F14)/AVERAGE(ENTRADA!#REF!)-1 -> #REF! | G14: =AVERAGE(ENTRADA!G3:G14)/AVERAGE(ENTRADA!#REF!)-1 -> #REF! | H14: =AVERAGE(ENTRADA!H3:H14)/AVERAGE(ENTRADA!#REF!)-1 -> #DIV/0! | I14: =AVERAGE(ENTRADA!I3:I14)/AVERAGE(ENTRADA!#REF!)-1 -> #DIV/0! | ... Q14: =AVERAGE(ENTRADA!Q3:Q14)/AVERAGE(ENTRADA!#REF!)-1 -> #REF!
A15: =ENTRADA!A15 -> 36800 | B15: =AVERAGE(ENTRADA!B4:B15)/AVERAGE(ENTRADA!#REF!)-1 -> #REF! | C15: =AVERAGE(ENTRADA!C4:C15)/AVERAGE(ENTRADA!#REF!)-1 -> #REF! | D15: =AVERAGE(ENTRADA!D4:D15)/AVERAGE(ENTRADA!#REF!)-1 -> #REF! | E15: =AVERAGE(ENTRADA!E4:E15)/AVERAGE(ENTRADA!#REF!)-1 -> #REF! | F15: =AVERAGE(ENTRADA!F4:F15)/AVERAGE(ENTRADA!#REF!)-1 -> #REF! | G15: =AVERAGE(ENTRADA!G4:G15)/AVERAGE(ENTRADA!#REF!)-1 -> #REF! | H15: =AVERAGE(ENTRADA!H4:H15)/AVERAGE(ENTRADA!#REF!)-1 -> #DIV/0! | I15: =AVERAGE(ENTRADA!I4:I15)/AVERAGE(ENTRADA!#REF!)-1 -> #DIV/0! | ... Q15: =AVERAGE(ENTRADA!Q4:Q15)/AVERAGE(ENTRADA!#REF!)-1 -> #REF!
A16: =ENTRADA!A16 -> 36831 | B16: =AVERAGE(ENTRADA!B5:B16)/AVERAGE(ENTRADA!#REF!)-1 -> #REF! | C16: =AVERAGE(ENTRADA!C5:C16)/AVERAGE(ENTRADA!#REF!)-1 -> #REF! | D16: =AVERAGE(ENTRADA!D5:D16)/AVERAGE(ENTRADA!#REF!)-1 -> #REF! | E16: =AVERAGE(ENTRADA!E5:E16)/AVERAGE(ENTRADA!#REF!)-1 -> #REF! | F16: =AVERAGE(ENTRADA!F5:F16)/AVERAGE(ENTRADA!#REF!)-1 -> #REF! | G16: =AVERAGE(ENTRADA!G5:G16)/AVERAGE(ENTRADA!#REF!)-1 -> #REF! | H16: =AVERAGE(ENTRADA!H5:H16)/AVERAGE(ENTRADA!#REF!)-1 -> #DIV/0! | I16: =AVERAGE(ENTRADA!I5:I16)/AVERAGE(ENTRADA!#REF!)-1 -> #DIV/0! | ... Q16: =AVERAGE(ENTRADA!Q5:Q16)/AVERAGE(ENTRADA!#REF!)-1 -> #REF!
A17: =ENTRADA!A17 -> 36861 | B17: =AVERAGE(ENTRADA!B6:B17)/AVERAGE(ENTRADA!#REF!)-1 -> #REF! | C17: =AVERAGE(ENTRADA!C6:C17)/AVERAGE(ENTRADA!#REF!)-1 -> #REF! | D17: =AVERAGE(ENTRADA!D6:D17)/AVERAGE(ENTRADA!#REF!)-1 -> #REF! | E17: =AVERAGE(ENTRADA!E6:E17)/AVERAGE(ENTRADA!#REF!)-1 -> #REF! | F17: =AVERAGE(ENTRADA!F6:F17)/AVERAGE(ENTRADA!#REF!)-1 -> #REF! | G17: =AVERAGE(ENTRADA!G6:G17)/AVERAGE(ENTRADA!#REF!)-1 -> #REF! | H17: =AVERAGE(ENTRADA!H6:H17)/AVERAGE(ENTRADA!#REF!)-1 -> #DIV/0! | I17: =AVERAGE(ENTRADA!I6:I17)/AVERAGE(ENTRADA!#REF!)-1 -> #DIV/0! | ... Q17: =AVERAGE(ENTRADA!Q6:Q17)/AVERAGE(ENTRADA!#REF!)-1 -> #REF!
A18: =ENTRADA!A18 -> 36892 | B18: =AVERAGE(ENTRADA!B7:B18)/AVERAGE(ENTRADA!#REF!)-1 -> #REF! | C18: =AVERAGE(ENTRADA!C7:C18)/AVERAGE(ENTRADA!#REF!)-1 -> #REF! | D18: =AVERAGE(ENTRADA!D7:D18)/AVERAGE(ENTRADA!#REF!)-1 -> #REF! | E18: =AVERAGE(ENTRADA!E7:E18)/AVERAGE(ENTRADA!#REF!)-1 -> #REF! | F18: =AVERAGE(ENTRADA!F7:F18)/AVERAGE(ENTRADA!#REF!)-1 -> #REF! | G18: =AVERAGE(ENTRADA!G7:G18)/AVERAGE(ENTRADA!#REF!)-1 -> #REF! | H18: =AVERAGE(ENTRADA!H7:H18)/AVERAGE(ENTRADA!#REF!)-1 -> #DIV/0! | I18: =AVERAGE(ENTRADA!I7:I18)/AVERAGE(ENTRADA!#REF!)-1 -> #DIV/0! | ... Q18: =AVERAGE(ENTRADA!Q7:Q18)/AVERAGE(ENTRADA!#REF!)-1 -> #REF!
A19: =ENTRADA!A19 -> 36923 | B19: =AVERAGE(ENTRADA!B8:B19)/AVERAGE(ENTRADA!#REF!)-1 -> #REF! | C19: =AVERAGE(ENTRADA!C8:C19)/AVERAGE(ENTRADA!#REF!)-1 -> #REF! | D19: =AVERAGE(ENTRADA!D8:D19)/AVERAGE(ENTRADA!#REF!)-1 -> #REF! | E19: =AVERAGE(ENTRADA!E8:E19)/AVERAGE(ENTRADA!#REF!)-1 -> #REF! | F19: =AVERAGE(ENTRADA!F8:F19)/AVERAGE(ENTRADA!#REF!)-1 -> #REF! | G19: =AVERAGE(ENTRADA!G8:G19)/AVERAGE(ENTRADA!#REF!)-1 -> #REF! | H19: =AVERAGE(ENTRADA!H8:H19)/AVERAGE(ENTRADA!#REF!)-1 -> #DIV/0! | I19: =AVERAGE(ENTRADA!I8:I19)/AVERAGE(ENTRADA!#REF!)-1 -> #DIV/0! | ... Q19: =AVERAGE(ENTRADA!Q8:Q19)/AVERAGE(ENTRADA!#REF!)-1 -> #REF!
A20: =ENTRADA!A20 -> 36951 | B20: =AVERAGE(ENTRADA!B9:B20)/AVERAGE(ENTRADA!#REF!)-1 -> #REF! | C20: =AVERAGE(ENTRADA!C9:C20)/AVERAGE(ENTRADA!#REF!)-1 -> #REF! | D20: =AVERAGE(ENTRADA!D9:D20)/AVERAGE(ENTRADA!#REF!)-1 -> #REF! | E20: =AVERAGE(ENTRADA!E9:E20)/AVERAGE(ENTRADA!#REF!)-1 -> #REF! | F20: =AVERAGE(ENTRADA!F9:F20)/AVERAGE(ENTRADA!#REF!)-1 -> #REF! | G20: =AVERAGE(ENTRADA!G9:G20)/AVERAGE(ENTRADA!#REF!)-1 -> #REF! | H20: =AVERAGE(ENTRADA!H9:H20)/AVERAGE(ENTRADA!#REF!)-1 -> #DIV/0! | I20: =AVERAGE(ENTRADA!I9:I20)/AVERAGE(ENTRADA!#REF!)-1 -> #DIV/0! | ... Q20: =AVERAGE(ENTRADA!Q9:Q20)/AVERAGE(ENTRADA!#REF!)-1 -> #REF!
A21: =ENTRADA!A21 -> 36982 | B21: =AVERAGE(ENTRADA!B10:B21)/AVERAGE(ENTRADA!#REF!)-1 -> #REF! | C21: =AVERAGE(ENTRADA!C10:C21)/AVERAGE(ENTRADA!#REF!)-1 -> #REF! | D21: =AVERAGE(ENTRADA!D10:D21)/AVERAGE(ENTRADA!#REF!)-1 -> #REF! | E21: =AVERAGE(ENTRADA!E10:E21)/AVERAGE(ENTRADA!#REF!)-1 -> #REF! | F21: =AVERAGE(ENTRADA!F10:F21)/AVERAGE(ENTRADA!#REF!)-1 -> #REF! | G21: =AVERAGE(ENTRADA!G10:G21)/AVERAGE(ENTRADA!#REF!)-1 -> #REF! | H21: =AVERAGE(ENTRADA!H10:H21)/AVERAGE(ENTRADA!#REF!)-1 -> #DIV/0! | I21: =AVERAGE(ENTRADA!I10:I21)/AVERAGE(ENTRADA!#REF!)-1 -> #DIV/0! | ... Q21: =AVERAGE(ENTRADA!Q10:Q21)/AVERAGE(ENTRADA!#REF!)-1 -> #REF!
A22: =ENTRADA!A22 -> 37012 | B22: =AVERAGE(ENTRADA!B11:B22)/AVERAGE(ENTRADA!#REF!)-1 -> #REF! | C22: =AVERAGE(ENTRADA!C11:C22)/AVERAGE(ENTRADA!#REF!)-1 -> #REF! | D22: =AVERAGE(ENTRADA!D11:D22)/AVERAGE(ENTRADA!#REF!)-1 -> #REF! | E22: =AVERAGE(ENTRADA!E11:E22)/AVERAGE(ENTRADA!#REF!)-1 -> #REF! | F22: =AVERAGE(ENTRADA!F11:F22)/AVERAGE(ENTRADA!#REF!)-1 -> #REF! | G22: =AVERAGE(ENTRADA!G11:G22)/AVERAGE(ENTRADA!#REF!)-1 -> #REF! | H22: =AVERAGE(ENTRADA!H11:H22)/AVERAGE(ENTRADA!#REF!)-1 -> #DIV/0! | I22: =AVERAGE(ENTRADA!I11:I22)/AVERAGE(ENTRADA!#REF!)-1 -> #DIV/0! | ... Q22: =AVERAGE(ENTRADA!Q11:Q22)/AVERAGE(ENTRADA!#REF!)-1 -> #REF!
A23: =ENTRADA!A23 -> 37043 | B23: =AVERAGE(ENTRADA!B12:B23)/AVERAGE(ENTRADA!#REF!)-1 -> #REF! | C23: =AVERAGE(ENTRADA!C12:C23)/AVERAGE(ENTRADA!#REF!)-1 -> #REF! | D23: =AVERAGE(ENTRADA!D12:D23)/AVERAGE(ENTRADA!#REF!)-1 -> #REF! | E23: =AVERAGE(ENTRADA!E12:E23)/AVERAGE(ENTRADA!#REF!)-1 -> #REF! | F23: =AVERAGE(ENTRADA!F12:F23)/AVERAGE(ENTRADA!#REF!)-1 -> #REF! | G23: =AVERAGE(ENTRADA!G12:G23)/AVERAGE(ENTRADA!#REF!)-1 -> #REF! | H23: =AVERAGE(ENTRADA!H12:H23)/AVERAGE(ENTRADA!#REF!)-1 -> #DIV/0! | I23: =AVERAGE(ENTRADA!I12:I23)/AVERAGE(ENTRADA!#REF!)-1 -> #DIV/0! | ... Q23: =AVERAGE(ENTRADA!Q12:Q23)/AVERAGE(ENTRADA!#REF!)-1 -> #REF!
A24: =ENTRADA!A24 -> 37073 | B24: =AVERAGE(ENTRADA!B13:B24)/AVERAGE(ENTRADA!B1:B12)-1 -> 0.035461476 | C24: =AVERAGE(ENTRADA!C13:C24)/AVERAGE(ENTRADA!C1:C12)-1 -> -0.052027171 | D24: =AVERAGE(ENTRADA!D13:D24)/AVERAGE(ENTRADA!D1:D12)-1 -> 0.040171844 | E24: =AVERAGE(ENTRADA!E13:E24)/AVERAGE(ENTRADA!E1:E12)-1 -> 0.043782426 | F24: =AVERAGE(ENTRADA!F13:F24)/AVERAGE(ENTRADA!F1:F12)-1 -> 0.10748603 | G24: =AVERAGE(ENTRADA!G13:G24)/AVERAGE(ENTRADA!G1:G12)-1 -> 0.11555405 | H24: =AVERAGE(ENTRADA!H13:H24)/AVERAGE(ENTRADA!H1:H12)-1 -> #DIV/0! | I24: =AVERAGE(ENTRADA!I13:I24)/AVERAGE(ENTRADA!I1:I12)-1 -> #DIV/0! | ... Q24: =AVERAGE(ENTRADA!Q13:Q24)/AVERAGE(ENTRADA!Q1:Q12)-1 -> #REF!
A25: =ENTRADA!A25 -> 37104 | B25: =AVERAGE(ENTRADA!B14:B25)/AVERAGE(ENTRADA!B2:B13)-1 -> 0.030789865 | C25: =AVERAGE(ENTRADA!C14:C25)/AVERAGE(ENTRADA!C2:C13)-1 -> -0.04383943 | D25: =AVERAGE(ENTRADA!D14:D25)/AVERAGE(ENTRADA!D2:D13)-1 -> 0.037932888 | E25: =AVERAGE(ENTRADA!E14:E25)/AVERAGE(ENTRADA!E2:E13)-1 -> 0.041591828 | F25: =AVERAGE(ENTRADA!F14:F25)/AVERAGE(ENTRADA!F2:F13)-1 -> 0.10441378 | G25: =AVERAGE(ENTRADA!G14:G25)/AVERAGE(ENTRADA!G2:G13)-1 -> 0.091320603 | H25: =AVERAGE(ENTRADA!H14:H25)/AVERAGE(ENTRADA!H2:H13)-1 -> #DIV/0! | I25: =AVERAGE(ENTRADA!I14:I25)/AVERAGE(ENTRADA!I2:I13)-1 -> #DIV/0! | ... Q25: =AVERAGE(ENTRADA!Q14:Q25)/AVERAGE(ENTRADA!Q2:Q13)-1 -> #REF!
A26: =ENTRADA!A26 -> 37135 | B26: =AVERAGE(ENTRADA!B15:B26)/AVERAGE(ENTRADA!B3:B14)-1 -> 0.028460962 | C26: =AVERAGE(ENTRADA!C15:C26)/AVERAGE(ENTRADA!C3:C14)-1 -> -0.03810069 | D26: =AVERAGE(ENTRADA!D15:D26)/AVERAGE(ENTRADA!D3:D14)-1 -> 0.035255864 | E26: =AVERAGE(ENTRADA!E15:E26)/AVERAGE(ENTRADA!E3:E14)-1 -> 0.038533005 | F26: =AVERAGE(ENTRADA!F15:F26)/AVERAGE(ENTRADA!F3:F14)-1 -> 0.11156056 | G26: =AVERAGE(ENTRADA!G15:G26)/AVERAGE(ENTRADA!G3:G14)-1 -> 0.082537176 | H26: =AVERAGE(ENTRADA!H15:H26)/AVERAGE(ENTRADA!H3:H14)-1 -> #DIV/0! | I26: =AVERAGE(ENTRADA!I15:I26)/AVERAGE(ENTRADA!I3:I14)-1 -> #DIV/0! | ... Q26: =AVERAGE(ENTRADA!Q15:Q26)/AVERAGE(ENTRADA!Q3:Q14)-1 -> #REF!
A27: =ENTRADA!A27 -> 37165 | B27: =AVERAGE(ENTRADA!B16:B27)/AVERAGE(ENTRADA!B4:B15)-1 -> 0.027525426 | C27: =AVERAGE(ENTRADA!C16:C27)/AVERAGE(ENTRADA!C4:C15)-1 -> -0.035810393 | D27: =AVERAGE(ENTRADA!D16:D27)/AVERAGE(ENTRADA!D4:D15)-1 -> 0.036164297 | E27: =AVERAGE(ENTRADA!E16:E27)/AVERAGE(ENTRADA!E4:E15)-1 -> 0.039412272 | F27: =AVERAGE(ENTRADA!F16:F27)/AVERAGE(ENTRADA!F4:F15)-1 -> 0.11859981 | G27: =AVERAGE(ENTRADA!G16:G27)/AVERAGE(ENTRADA!G4:G15)-1 -> 0.073120682 | H27: =AVERAGE(ENTRADA!H16:H27)/AVERAGE(ENTRADA!H4:H15)-1 -> #DIV/0! | I27: =AVERAGE(ENTRADA!I16:I27)/AVERAGE(ENTRADA!I4:I15)-1 -> #DIV/0! | ... Q27: =AVERAGE(ENTRADA!Q16:Q27)/AVERAGE(ENTRADA!Q4:Q15)-1 -> #REF!
A28: =ENTRADA!A28 -> 37196 | B28: =AVERAGE(ENTRADA!B17:B28)/AVERAGE(ENTRADA!B5:B16)-1 -> 0.022185484 | C28: =AVERAGE(ENTRADA!C17:C28)/AVERAGE(ENTRADA!C5:C16)-1 -> -0.028454052 | D28: =AVERAGE(ENTRADA!D17:D28)/AVERAGE(ENTRADA!D5:D16)-1 -> 0.03490378 | E28: =AVERAGE(ENTRADA!E17:E28)/AVERAGE(ENTRADA!E5:E16)-1 -> 0.039100907 | F28: =AVERAGE(ENTRADA!F17:F28)/AVERAGE(ENTRADA!F5:F16)-1 -> 0.10653105 | G28: =AVERAGE(ENTRADA!G17:G28)/AVERAGE(ENTRADA!G5:G16)-1 -> 0.053373974 | H28: =AVERAGE(ENTRADA!H17:H28)/AVERAGE(ENTRADA!H5:H16)-1 -> #DIV/0! | I28: =AVERAGE(ENTRADA!I17:I28)/AVERAGE(ENTRADA!I5:I16)-1 -> #DIV/0! | ... Q28: =AVERAGE(ENTRADA!Q17:Q28)/AVERAGE(ENTRADA!Q5:Q16)-1 -> #REF!
A29: =ENTRADA!A29 -> 37226 | B29: =AVERAGE(ENTRADA!B18:B29)/AVERAGE(ENTRADA!B6:B17)-1 -> -0.015725485 | C29: =AVERAGE(ENTRADA!C18:C29)/AVERAGE(ENTRADA!C6:C17)-1 -> -0.028095534 | D29: =AVERAGE(ENTRADA!D18:D29)/AVERAGE(ENTRADA!D6:D17)-1 -> 0.0039697993 | E29: =AVERAGE(ENTRADA!E18:E29)/AVERAGE(ENTRADA!E6:E17)-1 -> 0.0079845562 | F29: =AVERAGE(ENTRADA!F18:F29)/AVERAGE(ENTRADA!F6:F17)-1 -> 0.015972581 | G29: =AVERAGE(ENTRADA!G18:G29)/AVERAGE(ENTRADA!G6:G17)-1 -> -0.012015674 | H29: =AVERAGE(ENTRADA!H18:H29)/AVERAGE(ENTRADA!H6:H17)-1 -> #DIV/0! | I29: =AVERAGE(ENTRADA!I18:I29)/AVERAGE(ENTRADA!I6:I17)-1 -> #DIV/0! | ... Q29: =AVERAGE(ENTRADA!Q18:Q29)/AVERAGE(ENTRADA!Q6:Q17)-1 -> #REF!
A30: =ENTRADA!A30 -> 37257 | B30: =AVERAGE(ENTRADA!B19:B30)/AVERAGE(ENTRADA!B7:B18)-1 -> -0.017987119 | C30: =AVERAGE(ENTRADA!C19:C30)/AVERAGE(ENTRADA!C7:C18)-1 -> -0.017783098 | D30: =AVERAGE(ENTRADA!D19:D30)/AVERAGE(ENTRADA!D7:D18)-1 -> 0.00051092314 | E30: =AVERAGE(ENTRADA!E19:E30)/AVERAGE(ENTRADA!E7:E18)-1 -> 0.0052665464 | F30: =AVERAGE(ENTRADA!F19:F30)/AVERAGE(ENTRADA!F7:F18)-1 -> 0.011422553 | G30: =AVERAGE(ENTRADA!G19:G30)/AVERAGE(ENTRADA!G7:G18)-1 -> -0.019216754 | H30: =AVERAGE(ENTRADA!H19:H30)/AVERAGE(ENTRADA!H7:H18)-1 -> #DIV/0! | I30: =AVERAGE(ENTRADA!I19:I30)/AVERAGE(ENTRADA!I7:I18)-1 -> #DIV/0! | ... Q30: =AVERAGE(ENTRADA!Q19:Q30)/AVERAGE(ENTRADA!Q7:Q18)-1 -> #REF!
A31: =ENTRADA!A31 -> 37288 | B31: =AVERAGE(ENTRADA!B20:B31)/AVERAGE(ENTRADA!B8:B19)-1 -> -0.015333875 | C31: =AVERAGE(ENTRADA!C20:C31)/AVERAGE(ENTRADA!C8:C19)-1 -> -0.0031651505 | D31: =AVERAGE(ENTRADA!D20:D31)/AVERAGE(ENTRADA!D8:D19)-1 -> -0.0020426342 | E31: =AVERAGE(ENTRADA!E20:E31)/AVERAGE(ENTRADA!E8:E19)-1 -> 0.0025660979 | F31: =AVERAGE(ENTRADA!F20:F31)/AVERAGE(ENTRADA!F8:F19)-1 -> 0.0096618724 | G31: =AVERAGE(ENTRADA!G20:G31)/AVERAGE(ENTRADA!G8:G19)-1 -> -0.019469477 | H31: =AVERAGE(ENTRADA!H20:H31)/AVERAGE(ENTRADA!H8:H19)-1 -> #DIV/0! | I31: =AVERAGE(ENTRADA!I20:I31)/AVERAGE(ENTRADA!I8:I19)-1 -> #DIV/0! | ... Q31: =AVERAGE(ENTRADA!Q20:Q31)/AVERAGE(ENTRADA!Q8:Q19)-1 -> #REF!
A32: =ENTRADA!A32 -> 37316 | B32: =AVERAGE(ENTRADA!B21:B32)/AVERAGE(ENTRADA!B9:B20)-1 -> -0.017019412 | C32: =AVERAGE(ENTRADA!C21:C32)/AVERAGE(ENTRADA!C9:C20)-1 -> 0.006456439 | D32: =AVERAGE(ENTRADA!D21:D32)/AVERAGE(ENTRADA!D9:D20)-1 -> -0.0031790391 | E32: =AVERAGE(ENTRADA!E21:E32)/AVERAGE(ENTRADA!E9:E20)-1 -> 0.0017887119 | F32: =AVERAGE(ENTRADA!F21:F32)/AVERAGE(ENTRADA!F9:F20)-1 -> 0.0018761998 | G32: =AVERAGE(ENTRADA!G21:G32)/AVERAGE(ENTRADA!G9:G20)-1 -> -0.030185942 | H32: =AVERAGE(ENTRADA!H21:H32)/AVERAGE(ENTRADA!H9:H20)-1 -> #DIV/0! | I32: =AVERAGE(ENTRADA!I21:I32)/AVERAGE(ENTRADA!I9:I20)-1 -> #DIV/0! | ... Q32: =AVERAGE(ENTRADA!Q21:Q32)/AVERAGE(ENTRADA!Q9:Q20)-1 -> #REF!
A33: =ENTRADA!A33 -> 37347 | B33: =AVERAGE(ENTRADA!B22:B33)/AVERAGE(ENTRADA!B10:B21)-1 -> -0.017046229 | C33: =AVERAGE(ENTRADA!C22:C33)/AVERAGE(ENTRADA!C10:C21)-1 -> 0.016092595 | D33: =AVERAGE(ENTRADA!D22:D33)/AVERAGE(ENTRADA!D10:D21)-1 -> -0.0088967987 | E33: =AVERAGE(ENTRADA!E22:E33)/AVERAGE(ENTRADA!E10:E21)-1 -> -0.0029377737 | F33: =AVERAGE(ENTRADA!F22:F33)/AVERAGE(ENTRADA!F10:F21)-1 -> 0.0034089907 | G33: =AVERAGE(ENTRADA!G22:G33)/AVERAGE(ENTRADA!G10:G21)-1 -> -0.026265049 | H33: =AVERAGE(ENTRADA!H22:H33)/AVERAGE(ENTRADA!H10:H21)-1 -> #DIV/0! | I33: =AVERAGE(ENTRADA!I22:I33)/AVERAGE(ENTRADA!I10:I21)-1 -> #DIV/0! | ... Q33: =AVERAGE(ENTRADA!Q22:Q33)/AVERAGE(ENTRADA!Q10:Q21)-1 -> #REF!
A34: =ENTRADA!A34 -> 37377 | B34: =AVERAGE(ENTRADA!B23:B34)/AVERAGE(ENTRADA!B11:B22)-1 -> -0.014207759 | C34: =AVERAGE(ENTRADA!C23:C34)/AVERAGE(ENTRADA!C11:C22)-1 -> 0.019994334 | D34: =AVERAGE(ENTRADA!D23:D34)/AVERAGE(ENTRADA!D11:D22)-1 -> -0.0064802925 | E34: =AVERAGE(ENTRADA!E23:E34)/AVERAGE(ENTRADA!E11:E22)-1 -> -0.00025528893 | F34: =AVERAGE(ENTRADA!F23:F34)/AVERAGE(ENTRADA!F11:F22)-1 -> -0.0059760659 | G34: =AVERAGE(ENTRADA!G23:G34)/AVERAGE(ENTRADA!G11:G22)-1 -> -0.02505419 | H34: =AVERAGE(ENTRADA!H23:H34)/AVERAGE(ENTRADA!H11:H22)-1 -> #DIV/0! | I34: =AVERAGE(ENTRADA!I23:I34)/AVERAGE(ENTRADA!I11:I22)-1 -> #DIV/0! | ... Q34: =AVERAGE(ENTRADA!Q23:Q34)/AVERAGE(ENTRADA!Q11:Q22)-1 -> #REF!
A35: =ENTRADA!A35 -> 37408 | B35: =AVERAGE(ENTRADA!B24:B35)/AVERAGE(ENTRADA!B12:B23)-1 -> -0.014653033 | C35: =AVERAGE(ENTRADA!C24:C35)/AVERAGE(ENTRADA!C12:C23)-1 -> 0.020898328 | D35: =AVERAGE(ENTRADA!D24:D35)/AVERAGE(ENTRADA!D12:D23)-1 -> -0.0083830808 | E35: =AVERAGE(ENTRADA!E24:E35)/AVERAGE(ENTRADA!E12:E23)-1 -> -0.002295625 | F35: =AVERAGE(ENTRADA!F24:F35)/AVERAGE(ENTRADA!F12:F23)-1 -> -0.01288054 | G35: =AVERAGE(ENTRADA!G24:G35)/AVERAGE(ENTRADA!G12:G23)-1 -> -0.021487182 | H35: =AVERAGE(ENTRADA!H24:H35)/AVERAGE(ENTRADA!H12:H23)-1 -> #DIV/0! | I35: =AVERAGE(ENTRADA!I24:I35)/AVERAGE(ENTRADA!I12:I23)-1 -> #DIV/0! | ... Q35: =AVERAGE(ENTRADA!Q24:Q35)/AVERAGE(ENTRADA!Q12:Q23)-1 -> #REF!
... A302: =ENTRADA!A302 -> 45536 | B302: =AVERAGE(ENTRADA!B291:B302)/AVERAGE(ENTRADA!B279:B290)-1 -> 0.038744982 | C302: =AVERAGE(ENTRADA!C291:C302)/AVERAGE(ENTRADA!C279:C290)-1 -> -0.028177886 | D302: =AVERAGE(ENTRADA!D291:D302)/AVERAGE(ENTRADA!D279:D290)-1 -> 0.048494247 | E302: =AVERAGE(ENTRADA!E291:E302)/AVERAGE(ENTRADA!E279:E290)-1 -> 0.05346925 | F302: =AVERAGE(ENTRADA!F291:F302)/AVERAGE(ENTRADA!F279:F290)-1 -> 0.011576001 | G302: =AVERAGE(ENTRADA!G291:G302)/AVERAGE(ENTRADA!G279:G290)-1 -> 0.028194717 | H302: =AVERAGE(ENTRADA!H291:H302)/AVERAGE(ENTRADA!H279:H290)-1 -> 0.035948255 | I302: =AVERAGE(ENTRADA!I291:I302)/AVERAGE(ENTRADA!I279:I290)-1 -> 0.029964956 | ... Q302: =AVERAGE(ENTRADA!Q291:Q302)/AVERAGE(ENTRADA!Q279:Q290)-1 -> 0.038335323

Sheet media_ano
B1: VOLUME DE VENDAS NO VAREJO - BRASIL (Base: MÉDIA 2011=100)
B3: DADOS ORIGINAIS | S3: DADOS DESSAZONALIZADOS
A4: Período | B4: Comércio Varejista | C4: 1. Combustiveis e Lubrificantes | D4: 2. Hipermercados, supermercados, prod. alimenticios, bebidas e fumo | F4: 3. Tecidos, vestuario e calçados | G4: 4. Móveis e Eletrodomésticos | H4: Móveis | I4: Eletrodomésticos | J4: 5. Demais artigos de uso pessoal e doméstico | N4: 6. Veículos, motos, partes e peças | O4: 7. Material de Construção | P4: 8. Atacado especializado em produtos alimenticios, bebidas e fumo | Q4: Comércio Varejista Ampliado | S4: Comércio Varejista | T4: 1. Combustiveis e Lubrificantes | U4: 2. Hipermercados, supermercados, prod. alimenticios, bebidas e fumo | W4: 3. Tecidos, vestuario e caçados | X4: 4. Móveis e Eletrodomésticos | Y4: Móveis | Z4: Eletrodomésticos | AA4: 5. Demais artigos de uso pessoal e doméstico | AE4: 6. Veículos, motos, partes e peças | AF4: 7. Material de Construção | AG4: Comércio Varejista Ampliado
D5: Total | E5: 2.1 Supermercados e Hipermercados | J5: Artigos farmaceuticos, médicos, ortopédicos, de perfumaria e cosméticos | K5: Livros Jornais, revistas e papelaria | L5: Equipamentos e materiais para escritório, informática e comunicação | M5: Outros artigos de uso pessoal e domésticos | U5: Total | V5: 2.1 Supermercados e Hipermercados | AA5: Artigos farmaceuticos, médicos, ortopédicos, de perfumaria e cosméticos | AB5: Livros Jornais, revistas e papelaria | AC5: Equipamentos e materiais para escritório, informática e comunicação | AD5: Outros artigos de uso pessoal e domésticos
A6: =ENTRADA!A6 -> 36526
A7: =ENTRADA!A7 -> 36557
A8: =ENTRADA!A8 -> 36586
A9: =ENTRADA!A9 -> 36617
A10: =ENTRADA!A10 -> 36647
A11: =ENTRADA!A11 -> 36678
A12: =ENTRADA!A12 -> 36708
A13: =ENTRADA!A13 -> 36739
A14: =ENTRADA!A14 -> 36770
A15: =ENTRADA!A15 -> 36800
A16: =ENTRADA!A16 -> 36831
A17: =ENTRADA!A17 -> 36861
... A209: =ENTRADA!A209 -> 42705
A210: =ENTRADA!A210 -> 42736 | B210: =AVERAGE(ENTRADA!B$210:B210) -> 89.14016 | C210: =AVERAGE(ENTRADA!C$210:C210) -> 95.87485 | D210: =AVERAGE(ENTRADA!D$210:D210) -> 91.48123 | E210: =AVERAGE(ENTRADA!E$210:E210) -> 90.04807 | F210: =AVERAGE(ENTRADA!F$210:F210) -> 94.54441 | G210: =AVERAGE(ENTRADA!G$210:G210) -> 101.4598 | H210: =AVERAGE(ENTRADA!H$210:H210) -> 100.21536 | I210: =AVERAGE(ENTRADA!I$210:I210) -> 98.75801 | ... Q210: =AVERAGE(ENTRADA!Q$210:Q210) -> 85.61922 | S210: =AVERAGE(ENTRADA!S$210:S210) -> 91.90354 | T210: =AVERAGE(ENTRADA!T$210:T210) -> 99.69356 | U210: =AVERAGE(ENTRADA!U$210:U210) -> 95.27944 | V210: =AVERAGE(ENTRADA!V$210:V210) -> 93.73141 | W210: =AVERAGE(ENTRADA!W$210:W210) -> 114.51601 | X210: =AVERAGE(ENTRADA!X$210:X210) -> 95.68887 | AA210: =AVERAGE(ENTRADA!AA$210:AA210) -> 68.85349 | AB210: =AVERAGE(ENTRADA!AB$210:AB210) -> 230.49894 | AC210: =AVERAGE(ENTRADA!AC$210:AC210) -> 115.10926 | AD210: =AVERAGE(ENTRADA!AD$210:AD210) -> 79.53277 | AE210: =AVERAGE(ENTRADA!AE$210:AE210) -> 77.40699 | AF210: =AVERAGE(ENTRADA!AF$210:AF210) -> 85.29884 | AG210: =AVERAGE(ENTRADA!AH$210:AH210) -> 88.48527
A211: =ENTRADA!A211 -> 42767 | B211: =AVERAGE(ENTRADA!B$210:B211) -> 85.576705 | C211: =AVERAGE(ENTRADA!C$210:C211) -> 93.473175 | D211: =AVERAGE(ENTRADA!D$210:D211) -> 89.656315 | E211: =AVERAGE(ENTRADA!E$210:E211) -> 88.216545 | F211: =AVERAGE(ENTRADA!F$210:F211) -> 88.902345 | G211: =AVERAGE(ENTRADA!G$210:G211) -> 92.394235 | H211: =AVERAGE(ENTRADA!H$210:H211) -> 90.79832 | I211: =AVERAGE(ENTRADA!I$210:I211) -> 91.07548 | ... Q211: =AVERAGE(ENTRADA!Q$210:Q211) -> 81.44732 | S211: =AVERAGE(ENTRADA!S$210:S211) -> 91.98762 | T211: =AVERAGE(ENTRADA!T$210:T211) -> 99.857735 | U211: =AVERAGE(ENTRADA!U$210:U211) -> 94.836435 | V211: =AVERAGE(ENTRADA!V$210:V211) -> 93.188855 | W211: =AVERAGE(ENTRADA!W$210:W211) -> 115.5416 | X211: =AVERAGE(ENTRADA!X$210:X211) -> 96.86119 | AA211: =AVERAGE(ENTRADA!AA$210:AA211) -> 69.036305 | AB211: =AVERAGE(ENTRADA!AB$210:AB211) -> 230.11857 | AC211: =AVERAGE(ENTRADA!AC$210:AC211) -> 112.43699 | AD211: =AVERAGE(ENTRADA!AD$210:AD211) -> 79.49282 | AE211: =AVERAGE(ENTRADA!AE$210:AE211) -> 77.07266 | AF211: =AVERAGE(ENTRADA!AF$210:AF211) -> 84.94659 | AG211: =AVERAGE(ENTRADA!AH$210:AH211) -> 88.56504
A212: =ENTRADA!A212 -> 42795 | B212: =AVERAGE(ENTRADA!B$210:B212) -> 86.557327 | C212: =AVERAGE(ENTRADA!C$210:C212) -> 96.41504 | D212: =AVERAGE(ENTRADA!D$210:D212) -> 88.712523 | E212: =AVERAGE(ENTRADA!E$210:E212) -> 86.891813 | F212: =AVERAGE(ENTRADA!F$210:F212) -> 92.527667 | G212: =AVERAGE(ENTRADA!G$210:G212) -> 95.921113 | H212: =AVERAGE(ENTRADA!H$210:H212) -> 93.616133 | I212: =AVERAGE(ENTRADA!I$210:I212) -> 95.320063 | ... Q212: =AVERAGE(ENTRADA!Q$210:Q212) -> 83.468883 | S212: =AVERAGE(ENTRADA!S$210:S212) -> 91.495467 | T212: =AVERAGE(ENTRADA!T$210:T212) -> 100.30016 | U212: =AVERAGE(ENTRADA!U$210:U212) -> 92.80454 | V212: =AVERAGE(ENTRADA!V$210:V212) -> 90.892937 | W212: =AVERAGE(ENTRADA!W$210:W212) -> 115.91235 | X212: =AVERAGE(ENTRADA!X$210:X212) -> 98.570707 | AA212: =AVERAGE(ENTRADA!AA$210:AA212) -> 68.609933 | AB212: =AVERAGE(ENTRADA!AB$210:AB212) -> 234.52122 | AC212: =AVERAGE(ENTRADA!AC$210:AC212) -> 116.00858 | AD212: =AVERAGE(ENTRADA!AD$210:AD212) -> 79.90958 | AE212: =AVERAGE(ENTRADA!AE$210:AE212) -> 76.999367 | AF212: =AVERAGE(ENTRADA!AF$210:AF212) -> 85.053173 | AG212: =AVERAGE(ENTRADA!AH$210:AH212) -> 87.976283
A213: =ENTRADA!A213 -> 42826 | B213: =AVERAGE(ENTRADA!B$210:B213) -> 86.994428 | C213: =AVERAGE(ENTRADA!C$210:C213) -> 96.520067 | D213: =AVERAGE(ENTRADA!D$210:D213) -> 89.495505 | E213: =AVERAGE(ENTRADA!E$210:E213) -> 87.79202 | F213: =AVERAGE(ENTRADA!F$210:F213) -> 95.675562 | G213: =AVERAGE(ENTRADA!G$210:G213) -> 93.702618 | H213: =AVERAGE(ENTRADA!H$210:H213) -> 92.09189 | I213: =AVERAGE(ENTRADA!I$210:I213) -> 93.01706 | ... Q213: =AVERAGE(ENTRADA!Q$210:Q213) -> 83.306807 | S213: =AVERAGE(ENTRADA!S$210:S213) -> 91.687785 | T213: =AVERAGE(ENTRADA!T$210:T213) -> 100.35226 | U213: =AVERAGE(ENTRADA!U$210:U213) -> 92.259847 | V213: =AVERAGE(ENTRADA!V$210:V213) -> 90.32656 | W213: =AVERAGE(ENTRADA!W$210:W213) -> 117.19187 | X213: =AVERAGE(ENTRADA!X$210:X213) -> 98.673687 | AA213: =AVERAGE(ENTRADA!AA$210:AA213) -> 68.638302 | AB213: =AVERAGE(ENTRADA!AB$210:AB213) -> 233.23272 | AC213: =AVERAGE(ENTRADA!AC$210:AC213) -> 118.27278 | AD213: =AVERAGE(ENTRADA!AD$210:AD213) -> 80.377427 | AE213: =AVERAGE(ENTRADA!AE$210:AE213) -> 76.593217 | AF213: =AVERAGE(ENTRADA!AF$210:AF213) -> 85.233542 | AG213: =AVERAGE(ENTRADA!AH$210:AH213) -> 88.21685
A214: =ENTRADA!A214 -> 42856 | B214: =AVERAGE(ENTRADA!B$210:B214) -> 87.681236 | C214: =AVERAGE(ENTRADA!C$210:C214) -> 97.511364 | D214: =AVERAGE(ENTRADA!D$210:D214) -> 89.104322 | E214: =AVERAGE(ENTRADA!E$210:E214) -> 87.377222 | F214: =AVERAGE(ENTRADA!F$210:F214) -> 100.36195 | G214: =AVERAGE(ENTRADA!G$210:G214) -> 95.943906 | H214: =AVERAGE(ENTRADA!H$210:H214) -> 94.051112 | I214: =AVERAGE(ENTRADA!I$210:I214) -> 95.505824 | ... Q214: =AVERAGE(ENTRADA!Q$210:Q214) -> 84.308508 | S214: =AVERAGE(ENTRADA!S$210:S214) -> 91.828774 | T214: =AVERAGE(ENTRADA!T$210:T214) -> 100.6024 | U214: =AVERAGE(ENTRADA!U$210:U214) -> 92.025912 | V214: =AVERAGE(ENTRADA!V$210:V214) -> 90.115136 | W214: =AVERAGE(ENTRADA!W$210:W214) -> 116.86537 | X214: =AVERAGE(ENTRADA!X$210:X214) -> 99.866206 | AA214: =AVERAGE(ENTRADA!AA$210:AA214) -> 68.77727 | AB214: =AVERAGE(ENTRADA!AB$210:AB214) -> 231.66835 | AC214: =AVERAGE(ENTRADA!AC$210:AC214) -> 120.74529 | AD214: =AVERAGE(ENTRADA!AD$210:AD214) -> 80.553344 | AE214: =AVERAGE(ENTRADA!AE$210:AE214) -> 77.75902 | AF214: =AVERAGE(ENTRADA!AF$210:AF214) -> 85.259698 | AG214: =AVERAGE(ENTRADA!AH$210:AH214) -> 88.258834
A215: =ENTRADA!A215 -> 42887 | B215: =AVERAGE(ENTRADA!B$210:B215) -> 87.940617 | C215: =AVERAGE(ENTRADA!C$210:C215) -> 98.11937 | D215: =AVERAGE(ENTRADA!D$210:D215) -> 88.785185 | E215: =AVERAGE(ENTRADA!E$210:E215) -> 87.026668 | F215: =AVERAGE(ENTRADA!F$210:F215) -> 103.92183 | G215: =AVERAGE(ENTRADA!G$210:G215) -> 95.960315 | H215: =AVERAGE(ENTRADA!H$210:H215) -> 93.906082 | I215: =AVERAGE(ENTRADA!I$210:I215) -> 95.84058 | ... Q215: =AVERAGE(ENTRADA!Q$210:Q215) -> 84.774083 | S215: =AVERAGE(ENTRADA!S$210:S215) -> 92.103615 | T215: =AVERAGE(ENTRADA!T$210:T215) -> 100.84327 | U215: =AVERAGE(ENTRADA!U$210:U215) -> 91.998995 | V215: =AVERAGE(ENTRADA!V$210:V215) -> 90.164262 | W215: =AVERAGE(ENTRADA!W$210:W215) -> 116.93091 | X215: =AVERAGE(ENTRADA!X$210:X215) -> 100.85275 | AA215: =AVERAGE(ENTRADA!AA$210:AA215) -> 68.977938 | AB215: =AVERAGE(ENTRADA!AB$210:AB215) -> 230.45797 | AC215: =AVERAGE(ENTRADA!AC$210:AC215) -> 121.1256 | AD215: =AVERAGE(ENTRADA!AD$210:AD215) -> 80.946952 | AE215: =AVERAGE(ENTRADA!AE$210:AE215) -> 78.48307 | AF215: =AVERAGE(ENTRADA!AF$210:AF215) -> 85.546893 | AG215: =AVERAGE(ENTRADA!AH$210:AH215) -> 88.513965
A216: =ENTRADA!A216 -> 42917 | B216: =AVERAGE(ENTRADA!B$210:B216) -> 88.369517 | C216: =AVERAGE(ENTRADA!C$210:C216) -> 98.749123 | D216: =AVERAGE(ENTRADA!D$210:D216) -> 89.00824 | E216: =AVERAGE(ENTRADA!E$210:E216) -> 87.201144 | F216: =AVERAGE(ENTRADA!F$210:F216) -> 105.88075 | G216: =AVERAGE(ENTRADA!G$210:G216) -> 96.455323 | H216: =AVERAGE(ENTRADA!H$210:H216) -> 94.844844 | I216: =AVERAGE(ENTRADA!I$210:I216) -> 96.334731 | ... Q216: =AVERAGE(ENTRADA!Q$210:Q216) -> 85.34243 | S216: =AVERAGE(ENTRADA!S$210:S216) -> 92.266337 | T216: =AVERAGE(ENTRADA!T$210:T216) -> 100.72477 | U216: =AVERAGE(ENTRADA!U$210:U216) -> 92.068286 | V216: =AVERAGE(ENTRADA!V$210:V216) -> 90.241556 | W216: =AVERAGE(ENTRADA!W$210:W216) -> 116.81006 | X216: =AVERAGE(ENTRADA!X$210:X216) -> 101.24299 | AA216: =AVERAGE(ENTRADA!AA$210:AA216) -> 69.111511 | AB216: =AVERAGE(ENTRADA!AB$210:AB216) -> 228.51752 | AC216: =AVERAGE(ENTRADA!AC$210:AC216) -> 121.68559 | AD216: =AVERAGE(ENTRADA!AD$210:AD216) -> 81.321587 | AE216: =AVERAGE(ENTRADA!AE$210:AE216) -> 78.529499 | AF216: =AVERAGE(ENTRADA!AF$210:AF216) -> 85.933847 | AG216: =AVERAGE(ENTRADA!AH$210:AH216) -> 88.709503
A217: =ENTRADA!A217 -> 42948 | B217: =AVERAGE(ENTRADA!B$210:B217) -> 88.733136 | C217: =AVERAGE(ENTRADA!C$210:C217) -> 98.98019 | D217: =AVERAGE(ENTRADA!D$210:D217) -> 89.35486 | E217: =AVERAGE(ENTRADA!E$210:E217) -> 87.483369 | F217: =AVERAGE(ENTRADA!F$210:F217) -> 106.17303 | G217: =AVERAGE(ENTRADA!G$210:G217) -> 96.985798 | H217: =AVERAGE(ENTRADA!H$210:H217) -> 95.449434 | I217: =AVERAGE(ENTRADA!I$210:I217) -> 97.00291 | ... Q217: =AVERAGE(ENTRADA!Q$210:Q217) -> 86.097466 | S217: =AVERAGE(ENTRADA!S$210:S217) -> 92.30702 | T217: =AVERAGE(ENTRADA!T$210:T217) -> 100.38303 | U217: =AVERAGE(ENTRADA!U$210:U217) -> 92.092884 | V217: =AVERAGE(ENTRADA!V$210:V217) -> 90.192 | W217: =AVERAGE(ENTRADA!W$210:W217) -> 116.45851 | X217: =AVERAGE(ENTRADA!X$210:X217) -> 101.60172 | AA217: =AVERAGE(ENTRADA!AA$210:AA217) -> 69.212486 | AB217: =AVERAGE(ENTRADA!AB$210:AB217) -> 226.39682 | AC217: =AVERAGE(ENTRADA!AC$210:AC217) -> 121.00567 | AD217: =AVERAGE(ENTRADA!AD$210:AD217) -> 81.490562 | AE217: =AVERAGE(ENTRADA!AE$210:AE217) -> 79.355955 | AF217: =AVERAGE(ENTRADA!AF$210:AF217) -> 86.224505 | AG217: =AVERAGE(ENTRADA!AH$210:AH217) -> 88.851663
A218: =ENTRADA!A218 -> 42979 | B218: =AVERAGE(ENTRADA!B$210:B218) -> 88.905823 | C218: =AVERAGE(ENTRADA!C$210:C218) -> 98.950139 | D218: =AVERAGE(ENTRADA!D$210:D218) -> 89.721919 | E218: =AVERAGE(ENTRADA!E$210:E218) -> 87.809103 | F218: =AVERAGE(ENTRADA!F$210:F218) -> 105.50529 | G218: =AVERAGE(ENTRADA!G$210:G218) -> 96.7512 | H218: =AVERAGE(ENTRADA!H$210:H218) -> 95.285708 | I218: =AVERAGE(ENTRADA!I$210:I218) -> 96.835604 | ... Q218: =AVERAGE(ENTRADA!Q$210:Q218) -> 86.404739 | S218: =AVERAGE(ENTRADA!S$210:S218) -> 92.441586 | T218: =AVERAGE(ENTRADA!T$210:T218) -> 100.0183 | U218: =AVERAGE(ENTRADA!U$210:U218) -> 92.336711 | V218: =AVERAGE(ENTRADA!V$210:V218) -> 90.429608 | W218: =AVERAGE(ENTRADA!W$210:W218) -> 116.27225 | X218: =AVERAGE(ENTRADA!X$210:X218) -> 101.6886 | AA218: =AVERAGE(ENTRADA!AA$210:AA218) -> 69.543366 | AB218: =AVERAGE(ENTRADA!AB$210:AB218) -> 224.06086 | AC218: =AVERAGE(ENTRADA!AC$210:AC218) -> 120.39984 | AD218: =AVERAGE(ENTRADA!AD$210:AD218) -> 81.841401 | AE218: =AVERAGE(ENTRADA!AE$210:AE218) -> 79.833838 | AF218: =AVERAGE(ENTRADA!AF$210:AF218) -> 86.70613 | AG218: =AVERAGE(ENTRADA!AH$210:AH218) -> 89.056122
A219: =ENTRADA!A219 -> 43009 | B219: =AVERAGE(ENTRADA!B$210:B219) -> 89.209412 | C219: =AVERAGE(ENTRADA!C$210:C219) -> 99.224839 | D219: =AVERAGE(ENTRADA!D$210:D219) -> 90.094283 | E219: =AVERAGE(ENTRADA!E$210:E219) -> 88.190776 | F219: =AVERAGE(ENTRADA!F$210:F219) -> 105.13841 | G219: =AVERAGE(ENTRADA!G$210:G219) -> 96.847438 | H219: =AVERAGE(ENTRADA!H$210:H219) -> 95.417765 | I219: =AVERAGE(ENTRADA!I$210:I219) -> 97.001887 | ... Q219: =AVERAGE(ENTRADA!Q$210:Q219) -> 86.82486 | S219: =AVERAGE(ENTRADA!S$210:S219) -> 92.507532 | T219: =AVERAGE(ENTRADA!T$210:T219) -> 99.861595 | U219: =AVERAGE(ENTRADA!U$210:U219) -> 92.497346 | V219: =AVERAGE(ENTRADA!V$210:V219) -> 90.623501 | W219: =AVERAGE(ENTRADA!W$210:W219) -> 115.569 | X219: =AVERAGE(ENTRADA!X$210:X219) -> 101.56667 | AA219: =AVERAGE(ENTRADA!AA$210:AA219) -> 69.710879 | AB219: =AVERAGE(ENTRADA!AB$210:AB219) -> 222.66897 | AC219: =AVERAGE(ENTRADA!AC$210:AC219) -> 119.87237 | AD219: =AVERAGE(ENTRADA!AD$210:AD219) -> 81.966895 | AE219: =AVERAGE(ENTRADA!AE$210:AE219) -> 80.124534 | AF219: =AVERAGE(ENTRADA!AF$210:AF219) -> 86.903913 | AG219: =AVERAGE(ENTRADA!AH$210:AH219) -> 89.141348
A220: =ENTRADA!A220 -> 43040 | B220: =AVERAGE(ENTRADA!B$210:B220) -> 90.047866 | C220: =AVERAGE(ENTRADA!C$210:C220) -> 98.996352 | D220: =AVERAGE(ENTRADA!D$210:D220) -> 90.631852 | E220: =AVERAGE(ENTRADA!E$210:E220) -> 88.769139 | F220: =AVERAGE(ENTRADA!F$210:F220) -> 106.09578 | G220: =AVERAGE(ENTRADA!G$210:G220) -> 99.246393 | H220: =AVERAGE(ENTRADA!H$210:H220) -> 97.270299 | I220: =AVERAGE(ENTRADA!I$210:I220) -> 99.706249 | ... Q220: =AVERAGE(ENTRADA!Q$210:Q220) -> 87.621918 | S220: =AVERAGE(ENTRADA!S$210:S220) -> 92.586912 | T220: =AVERAGE(ENTRADA!T$210:T220) -> 99.543448 | U220: =AVERAGE(ENTRADA!U$210:U220) -> 92.666915 | V220: =AVERAGE(ENTRADA!V$210:V220) -> 90.831493 | W220: =AVERAGE(ENTRADA!W$210:W220) -> 115.18438 | X220: =AVERAGE(ENTRADA!X$210:X220) -> 101.84366 | AA220: =AVERAGE(ENTRADA!AA$210:AA220) -> 69.832995 | AB220: =AVERAGE(ENTRADA!AB$210:AB220) -> 222.32472 | AC220: =AVERAGE(ENTRADA!AC$210:AC220) -> 119.17776 | AD220: =AVERAGE(ENTRADA!AD$210:AD220) -> 82.276716 | AE220: =AVERAGE(ENTRADA!AE$210:AE220) -> 80.547242 | AF220: =AVERAGE(ENTRADA!AF$210:AF220) -> 87.239055 | AG220: =AVERAGE(ENTRADA!AH$210:AH220) -> 89.340451
A221: =ENTRADA!A221 -> 43070 | B221: =AVERAGE(ENTRADA!B$210:B221) -> 92.621161 | C221: =AVERAGE(ENTRADA!C$210:C221) -> 99.022459 | D221: =AVERAGE(ENTRADA!D$210:D221) -> 92.832978 | E221: =AVERAGE(ENTRADA!E$210:E221) -> 91.025063 | F221: =AVERAGE(ENTRADA!F$210:F221) -> 115.03734 | G221: =AVERAGE(ENTRADA!G$210:G221) -> 101.95044 | H221: =AVERAGE(ENTRADA!H$210:H221) -> 100.07942 | I221: =AVERAGE(ENTRADA!I$210:I221) -> 102.42946 | ... Q221: =AVERAGE(ENTRADA!Q$210:Q221) -> 89.557173 | S221: =AVERAGE(ENTRADA!S$210:S221) -> 92.680935 | T221: =AVERAGE(ENTRADA!T$210:T221) -> 99.167791 | U221: =AVERAGE(ENTRADA!U$210:U221) -> 92.852482 | V221: =AVERAGE(ENTRADA!V$210:V221) -> 91.044338 | W221: =AVERAGE(ENTRADA!W$210:W221) -> 115.14482 | X221: =AVERAGE(ENTRADA!X$210:X221) -> 101.84688 | AA221: =AVERAGE(ENTRADA!AA$210:AA221) -> 70.009417 | AB221: =AVERAGE(ENTRADA!AB$210:AB221) -> 221.42429 | AC221: =AVERAGE(ENTRADA!AC$210:AC221) -> 118.74155 | AD221: =AVERAGE(ENTRADA!AD$210:AD221) -> 82.604092 | AE221: =AVERAGE(ENTRADA!AE$210:AE221) -> 80.912548 | AF221: =AVERAGE(ENTRADA!AF$210:AF221) -> 87.758019 | AG221: =AVERAGE(ENTRADA!AH$210:AH221) -> 89.634102
A222: =ENTRADA!A222 -> 43101 | B222: =AVERAGE(ENTRADA!B$222:B222) -> 91.95579 | C222: =AVERAGE(ENTRADA!C$222:C222) -> 91.91498 | D222: =AVERAGE(ENTRADA!D$222:D222) -> 94.33405 | E222: =AVERAGE(ENTRADA!E$222:E222) -> 92.98354 | F222: =AVERAGE(ENTRADA!F$222:F222) -> 95.07739 | G222: =AVERAGE(ENTRADA!G$222:G222) -> 106.74535 | H222: =AVERAGE(ENTRADA!H$222:H222) -> 100.1917 | I222: =AVERAGE(ENTRADA!I$222:I222) -> 109.83965 | ... Q222: =AVERAGE(ENTRADA!Q$222:Q222) -> 91.1825 | S222: =AVERAGE(ENTRADA!S$222:S222) -> 94.10792 | T222: =AVERAGE(ENTRADA!T$222:T222) -> 95.00897 | U222: =AVERAGE(ENTRADA!U$222:U222) -> 98.13451 | V222: =AVERAGE(ENTRADA!V$222:V222) -> 96.68251 | W222: =AVERAGE(ENTRADA!W$222:W222) -> 115.15334 | X222: =AVERAGE(ENTRADA!X$222:X222) -> 101.84066 | AA222: =AVERAGE(ENTRADA!AA$222:AA222) -> 71.46896 | AB222: =AVERAGE(ENTRADA!AB$222:AB222) -> 218.7029 | AC222: =AVERAGE(ENTRADA!AC$222:AC222) -> 120.71175 | AD222: =AVERAGE(ENTRADA!AD$222:AD222) -> 87.45124 | AE222: =AVERAGE(ENTRADA!AE$222:AE222) -> 91.1349 | AF222: =AVERAGE(ENTRADA!AF$222:AF222) -> 90.20133 | AG222: =AVERAGE(ENTRADA!AH$222:AH222) -> 93.17553
A223: =ENTRADA!A223 -> 43132 | B223: =AVERAGE(ENTRADA!B$222:B223) -> 87.60432 | C223: =AVERAGE(ENTRADA!C$222:C223) -> 88.562195 | D223: =AVERAGE(ENTRADA!D$222:D223) -> 91.943595 | E223: =AVERAGE(ENTRADA!E$222:E223) -> 90.49572 | F223: =AVERAGE(ENTRADA!F$222:F223) -> 87.361805 | G223: =AVERAGE(ENTRADA!G$222:G223) -> 96.54228 | H223: =AVERAGE(ENTRADA!H$222:H223) -> 91.767015 | I223: =AVERAGE(ENTRADA!I$222:I223) -> 98.92176 | ... Q223: =AVERAGE(ENTRADA!Q$222:Q223) -> 86.295145 | S223: =AVERAGE(ENTRADA!S$222:S223) -> 93.93197 | T223: =AVERAGE(ENTRADA!T$222:T223) -> 94.67762 | U223: =AVERAGE(ENTRADA!U$222:U223) -> 97.338015 | V223: =AVERAGE(ENTRADA!V$222:V223) -> 95.62912 | W223: =AVERAGE(ENTRADA!W$222:W223) -> 113.58166 | X223: =AVERAGE(ENTRADA!X$222:X223) -> 101.63968 | AA223: =AVERAGE(ENTRADA!AA$222:AA223) -> 71.858745 | AB223: =AVERAGE(ENTRADA!AB$222:AB223) -> 220.65375 | AC223: =AVERAGE(ENTRADA!AC$222:AC223) -> 119.30433 | AD223: =AVERAGE(ENTRADA!AD$222:AD223) -> 87.28551 | AE223: =AVERAGE(ENTRADA!AE$222:AE223) -> 91.374285 | AF223: =AVERAGE(ENTRADA!AF$222:AF223) -> 90.407615 | AG223: =AVERAGE(ENTRADA!AH$222:AH223) -> 93.37175
A224: =ENTRADA!A224 -> 43160 | B224: =AVERAGE(ENTRADA!B$222:B224) -> 90.28122 | C224: =AVERAGE(ENTRADA!C$222:C224) -> 91.484773 | D224: =AVERAGE(ENTRADA!D$222:D224) -> 94.69478 | E224: =AVERAGE(ENTRADA!E$222:E224) -> 93.082377 | F224: =AVERAGE(ENTRADA!F$222:F224) -> 91.36845 | G224: =AVERAGE(ENTRADA!G$222:G224) -> 97.594933 | H224: =AVERAGE(ENTRADA!H$222:H224) -> 92.227063 | I224: =AVERAGE(ENTRADA!I$222:I224) -> 100.22673 | ... Q224: =AVERAGE(ENTRADA!Q$222:Q224) -> 89.27761 | S224: =AVERAGE(ENTRADA!S$222:S224) -> 94.270247 | T224: =AVERAGE(ENTRADA!T$222:T224) -> 95.085503 | U224: =AVERAGE(ENTRADA!U$222:U224) -> 97.016403 | V224: =AVERAGE(ENTRADA!V$222:V224) -> 95.143497 | W224: =AVERAGE(ENTRADA!W$222:W224) -> 114.10723 | X224: =AVERAGE(ENTRADA!X$222:X224) -> 101.84388 | AA224: =AVERAGE(ENTRADA!AA$222:AA224) -> 72.034543 | AB224: =AVERAGE(ENTRADA!AB$222:AB224) -> 220.90716 | AC224: =AVERAGE(ENTRADA!AC$222:AC224) -> 118.02037 | AD224: =AVERAGE(ENTRADA!AD$222:AD224) -> 87.290797 | AE224: =AVERAGE(ENTRADA!AE$222:AE224) -> 93.227113 | AF224: =AVERAGE(ENTRADA!AF$222:AF224) -> 90.352523 | AG224: =AVERAGE(ENTRADA!AH$222:AH224) -> 93.86764
A225: =ENTRADA!A225 -> 43191 | B225: =AVERAGE(ENTRADA!B$222:B225) -> 89.947995 | C225: =AVERAGE(ENTRADA!C$222:C225) -> 92.56962 | D225: =AVERAGE(ENTRADA!D$222:D225) -> 94.002048 | E225: =AVERAGE(ENTRADA!E$222:E225) -> 92.37819 | F225: =AVERAGE(ENTRADA!F$222:F225) -> 92.996637 | G225: =AVERAGE(ENTRADA!G$222:G225) -> 96.163695 | H225: =AVERAGE(ENTRADA!H$222:H225) -> 91.04838 | I225: =AVERAGE(ENTRADA!I$222:I225) -> 98.598625 | ... Q225: =AVERAGE(ENTRADA!Q$222:Q225) -> 89.451733 | S225: =AVERAGE(ENTRADA!S$222:S225) -> 94.793788 | T225: =AVERAGE(ENTRADA!T$222:T225) -> 96.177408 | U225: =AVERAGE(ENTRADA!U$222:U225) -> 97.149575 | V225: =AVERAGE(ENTRADA!V$222:V225) -> 95.190475 | W225: =AVERAGE(ENTRADA!W$222:W225) -> 113.99397 | X225: =AVERAGE(ENTRADA!X$222:X225) -> 101.61111 | AA225: =AVERAGE(ENTRADA!AA$222:AA225) -> 72.625535 | AB225: =AVERAGE(ENTRADA!AB$222:AB225) -> 217.19722 | AC225: =AVERAGE(ENTRADA!AC$222:AC225) -> 121.25203 | AD225: =AVERAGE(ENTRADA!AD$222:AD225) -> 87.39694 | AE225: =AVERAGE(ENTRADA!AE$222:AE225) -> 93.557145 | AF225: =AVERAGE(ENTRADA!AF$222:AF225) -> 90.79086 | AG225: =AVERAGE(ENTRADA!AH$222:AH225) -> 94.53863
A226: =ENTRADA!A226 -> 43221 | B226: =AVERAGE(ENTRADA!B$222:B226) -> 90.538748 | C226: =AVERAGE(ENTRADA!C$222:C226) -> 92.76535 | D226: =AVERAGE(ENTRADA!D$222:D226) -> 94.110928 | E226: =AVERAGE(ENTRADA!E$222:E226) -> 92.49028 | F226: =AVERAGE(ENTRADA!F$222:F226) -> 97.432558 | G226: =AVERAGE(ENTRADA!G$222:G226) -> 96.48689 | H226: =AVERAGE(ENTRADA!H$222:H226) -> 90.500098 | I226: =AVERAGE(ENTRADA!I$222:I226) -> 99.324308 | ... Q226: =AVERAGE(ENTRADA!Q$222:Q226) -> 89.610028 | S226: =AVERAGE(ENTRADA!S$222:S226) -> 94.790002 | T226: =AVERAGE(ENTRADA!T$222:T226) -> 95.572456 | U226: =AVERAGE(ENTRADA!U$222:U226) -> 97.163482 | V226: =AVERAGE(ENTRADA!V$222:V226) -> 95.314114 | W226: =AVERAGE(ENTRADA!W$222:W226) -> 113.89036 | X226: =AVERAGE(ENTRADA!X$222:X226) -> 100.77316 | AA226: =AVERAGE(ENTRADA!AA$222:AA226) -> 72.618688 | AB226: =AVERAGE(ENTRADA!AB$222:AB226) -> 213.47773 | AC226: =AVERAGE(ENTRADA!AC$222:AC226) -> 121.09687 | AD226: =AVERAGE(ENTRADA!AD$222:AD226) -> 87.077158 | AE226: =AVERAGE(ENTRADA!AE$222:AE226) -> 91.630092 | AF226: =AVERAGE(ENTRADA!AF$222:AF226) -> 89.307682 | AG226: =AVERAGE(ENTRADA!AH$222:AH226) -> 93.77697
A227: =ENTRADA!A227 -> 43252 | B227: =AVERAGE(ENTRADA!B$222:B227) -> 90.558182 | C227: =AVERAGE(ENTRADA!C$222:C227) -> 92.212453 | D227: =AVERAGE(ENTRADA!D$222:D227) -> 93.54494 | E227: =AVERAGE(ENTRADA!E$222:E227) -> 91.888943 | F227: =AVERAGE(ENTRADA!F$222:F227) -> 100.91221 | G227: =AVERAGE(ENTRADA!G$222:G227) -> 96.531778 | H227: =AVERAGE(ENTRADA!H$222:H227) -> 91.008868 | I227: =AVERAGE(ENTRADA!I$222:I227) -> 99.169185 | ... Q227: =AVERAGE(ENTRADA!Q$222:Q227) -> 89.742432 | S227: =AVERAGE(ENTRADA!S$222:S227) -> 94.672173 | T227: =AVERAGE(ENTRADA!T$222:T227) -> 94.694895 | U227: =AVERAGE(ENTRADA!U$222:U227) -> 96.632948 | V227: =AVERAGE(ENTRADA!V$222:V227) -> 94.863355 | W227: =AVERAGE(ENTRADA!W$222:W227) -> 113.88903 | X227: =AVERAGE(ENTRADA!X$222:X227) -> 101.70508 | AA227: =AVERAGE(ENTRADA!AA$222:AA227) -> 72.759048 | AB227: =AVERAGE(ENTRADA!AB$222:AB227) -> 210.73336 | AC227: =AVERAGE(ENTRADA!AC$222:AC227) -> 121.07707 | AD227: =AVERAGE(ENTRADA!AD$222:AD227) -> 87.38313 | AE227: =AVERAGE(ENTRADA!AE$222:AE227) -> 91.42055 | AF227: =AVERAGE(ENTRADA!AF$222:AF227) -> 90.012992 | AG227: =AVERAGE(ENTRADA!AH$222:AH227) -> 93.622343
A228: =ENTRADA!A228 -> 43282 | B228: =AVERAGE(ENTRADA!B$222:B228) -> 90.488083 | C228: =AVERAGE(ENTRADA!C$222:C228) -> 92.404457 | D228: =AVERAGE(ENTRADA!D$222:D228) -> 93.260511 | E228: =AVERAGE(ENTRADA!E$222:E228) -> 91.54932 | F228: =AVERAGE(ENTRADA!F$222:F228) -> 101.96113 | G228: =AVERAGE(ENTRADA!G$222:G228) -> 95.938923 | H228: =AVERAGE(ENTRADA!H$222:H228) -> 91.40372 | I228: =AVERAGE(ENTRADA!I$222:I228) -> 98.153081 | ... Q228: =AVERAGE(ENTRADA!Q$222:Q228) -> 89.972469 | S228: =AVERAGE(ENTRADA!S$222:S228) -> 94.441381 | T228: =AVERAGE(ENTRADA!T$222:T228) -> 94.1356 | U228: =AVERAGE(ENTRADA!U$222:U228) -> 96.424279 | V228: =AVERAGE(ENTRADA!V$222:V228) -> 94.67153 | W228: =AVERAGE(ENTRADA!W$222:W228) -> 112.75251 | X228: =AVERAGE(ENTRADA!X$222:X228) -> 100.85538 | AA228: =AVERAGE(ENTRADA!AA$222:AA228) -> 72.89834 | AB228: =AVERAGE(ENTRADA!AB$222:AB228) -> 207.72767 | AC228: =AVERAGE(ENTRADA!AC$222:AC228) -> 120.59073 | AD228: =AVERAGE(ENTRADA!AD$222:AD228) -> 87.265463 | AE228: =AVERAGE(ENTRADA!AE$222:AE228) -> 91.345213 | AF228: =AVERAGE(ENTRADA!AF$222:AF228) -> 89.760314 | AG228: =AVERAGE(ENTRADA!AH$222:AH228) -> 93.30523
A229: =ENTRADA!A229 -> 43313 | B229: =AVERAGE(ENTRADA!B$222:B229) -> 91.051751 | C229: =AVERAGE(ENTRADA!C$222:C229) -> 93.189747 | D229: =AVERAGE(ENTRADA!D$222:D229) -> 93.70871 | E229: =AVERAGE(ENTRADA!E$222:E229) -> 91.977367 | F229: =AVERAGE(ENTRADA!F$222:F229) -> 103.18769 | G229: =AVERAGE(ENTRADA!G$222:G229) -> 96.149453 | H229: =AVERAGE(ENTRADA!H$222:H229) -> 91.969894 | I229: =AVERAGE(ENTRADA!I$222:I229) -> 98.206949 | ... Q229: =AVERAGE(ENTRADA!Q$222:Q229) -> 90.930527 | S229: =AVERAGE(ENTRADA!S$222:S229) -> 94.5664 | T229: =AVERAGE(ENTRADA!T$222:T229) -> 94.377914 | U229: =AVERAGE(ENTRADA!U$222:U229) -> 96.401862 | V229: =AVERAGE(ENTRADA!V$222:V229) -> 94.639891 | W229: =AVERAGE(ENTRADA!W$222:W229) -> 113.29626 | X229: =AVERAGE(ENTRADA!X$222:X229) -> 100.80758 | AA229: =AVERAGE(ENTRADA!AA$222:AA229) -> 73.157366 | AB229: =AVERAGE(ENTRADA!AB$222:AB229) -> 204.22082 | AC229: =AVERAGE(ENTRADA!AC$222:AC229) -> 120.73646 | AD229: =AVERAGE(ENTRADA!AD$222:AD229) -> 87.556943 | AE229: =AVERAGE(ENTRADA!AE$222:AE229) -> 92.163772 | AF229: =AVERAGE(ENTRADA!AF$222:AF229) -> 90.216196 | AG229: =AVERAGE(ENTRADA!AH$222:AH229) -> 93.539394
A230: =ENTRADA!A230 -> 43344 | B230: =AVERAGE(ENTRADA!B$222:B230) -> 90.983803 | C230: =AVERAGE(ENTRADA!C$222:C230) -> 93.307989 | D230: =AVERAGE(ENTRADA!D$222:D230) -> 93.640399 | E230: =AVERAGE(ENTRADA!E$222:E230) -> 91.880863 | F230: =AVERAGE(ENTRADA!F$222:F230) -> 103.02515 | G230: =AVERAGE(ENTRADA!G$222:G230) -> 95.77279 | H230: =AVERAGE(ENTRADA!H$222:H230) -> 91.898059 | I230: =AVERAGE(ENTRADA!I$222:I230) -> 97.708711 | ... Q230: =AVERAGE(ENTRADA!Q$222:Q230) -> 90.926774 | S230: =AVERAGE(ENTRADA!S$222:S230) -> 94.5567 | T230: =AVERAGE(ENTRADA!T$222:T230) -> 94.311911 | U230: =AVERAGE(ENTRADA!U$222:U230) -> 96.28317 | V230: =AVERAGE(ENTRADA!V$222:V230) -> 94.546698 | W230: =AVERAGE(ENTRADA!W$222:W230) -> 113.57436 | X230: =AVERAGE(ENTRADA!X$222:X230) -> 100.61451 | AA230: =AVERAGE(ENTRADA!AA$222:AA230) -> 73.356938 | AB230: =AVERAGE(ENTRADA!AB$222:AB230) -> 200.53826 | AC230: =AVERAGE(ENTRADA!AC$222:AC230) -> 120.36808 | AD230: =AVERAGE(ENTRADA!AD$222:AD230) -> 87.649876 | AE230: =AVERAGE(ENTRADA!AE$222:AE230) -> 92.244911 | AF230: =AVERAGE(ENTRADA!AF$222:AF230) -> 90.299607 | AG230: =AVERAGE(ENTRADA!AH$222:AH230) -> 93.671144
A231: =ENTRADA!A231 -> 43374 | B231: =AVERAGE(ENTRADA!B$222:B231) -> 91.259162 | C231: =AVERAGE(ENTRADA!C$222:C231) -> 93.612475 | D231: =AVERAGE(ENTRADA!D$222:D231) -> 93.808775 | E231: =AVERAGE(ENTRADA!E$222:E231) -> 92.035574 | F231: =AVERAGE(ENTRADA!F$222:F231) -> 103.3606 | G231: =AVERAGE(ENTRADA!G$222:G231) -> 95.787946 | H231: =AVERAGE(ENTRADA!H$222:H231) -> 92.309451 | I231: =AVERAGE(ENTRADA!I$222:I231) -> 97.569152 | ... Q231: =AVERAGE(ENTRADA!Q$222:Q231) -> 91.460063 | S231: =AVERAGE(ENTRADA!S$222:S231) -> 94.522 | T231: =AVERAGE(ENTRADA!T$222:T231) -> 94.113812 | U231: =AVERAGE(ENTRADA!U$222:U231) -> 96.200365 | V231: =AVERAGE(ENTRADA!V$222:V231) -> 94.470218 | W231: =AVERAGE(ENTRADA!W$222:W231) -> 113.56035 | X231: =AVERAGE(ENTRADA!X$222:X231) -> 100.47666 | AA231: =AVERAGE(ENTRADA!AA$222:AA231) -> 73.520734 | AB231: =AVERAGE(ENTRADA!AB$222:AB231) -> 196.76083 | AC231: =AVERAGE(ENTRADA!AC$222:AC231) -> 120.03917 | AD231: =AVERAGE(ENTRADA!AD$222:AD231) -> 87.845774 | AE231: =AVERAGE(ENTRADA!AE$222:AE231) -> 92.924469 | AF231: =AVERAGE(ENTRADA!AF$222:AF231) -> 90.410481 | AG231: =AVERAGE(ENTRADA!AH$222:AH231) -> 93.693128
A232: =ENTRADA!A232 -> 43405 | B232: =AVERAGE(ENTRADA!B$222:B232) -> 92.315473 | C232: =AVERAGE(ENTRADA!C$222:C232) -> 93.644949 | D232: =AVERAGE(ENTRADA!D$222:D232) -> 94.281819 | E232: =AVERAGE(ENTRADA!E$222:E232) -> 92.572619 | F232: =AVERAGE(ENTRADA!F$222:F232) -> 105.05912 | G232: =AVERAGE(ENTRADA!G$222:G232) -> 98.45631 | H232: =AVERAGE(ENTRADA!H$222:H232) -> 94.340849 | I232: =AVERAGE(ENTRADA!I$222:I232) -> 100.53006 | ... Q232: =AVERAGE(ENTRADA!Q$222:Q232) -> 92.346038 | S232: =AVERAGE(ENTRADA!S$222:S232) -> 94.729003 | T232: =AVERAGE(ENTRADA!T$222:T232) -> 94.070521 | U232: =AVERAGE(ENTRADA!U$222:U232) -> 96.267028 | V232: =AVERAGE(ENTRADA!V$222:V232) -> 94.582393 | W232: =AVERAGE(ENTRADA!W$222:W232) -> 113.81899 | X232: =AVERAGE(ENTRADA!X$222:X232) -> 100.89081 | AA232: =AVERAGE(ENTRADA!AA$222:AA232) -> 73.742841 | AB232: =AVERAGE(ENTRADA!AB$222:AB232) -> 192.67195 | AC232: =AVERAGE(ENTRADA!AC$222:AC232) -> 119.48085 | AD232: =AVERAGE(ENTRADA!AD$222:AD232) -> 88.694464 | AE232: =AVERAGE(ENTRADA!AE$222:AE232) -> 93.222202 | AF232: =AVERAGE(ENTRADA!AF$222:AF232) -> 90.513769 | AG232: =AVERAGE(ENTRADA!AH$222:AH232) -> 93.855748
A233: =ENTRADA!A233 -> 43435 | B233: =AVERAGE(ENTRADA!B$222:B233) -> 94.767823 | C233: =AVERAGE(ENTRADA!C$222:C233) -> 94.127962 | D233: =AVERAGE(ENTRADA!D$222:D233) -> 96.327828 | E233: =AVERAGE(ENTRADA!E$222:E233) -> 94.691568 | F233: =AVERAGE(ENTRADA!F$222:F233) -> 113.9089 | G233: =AVERAGE(ENTRADA!G$222:G233) -> 100.64298 | H233: =AVERAGE(ENTRADA!H$222:H233) -> 96.731782 | I233: =AVERAGE(ENTRADA!I$222:I233) -> 102.66996 | ... Q233: =AVERAGE(ENTRADA!Q$222:Q233) -> 94.050472 | S233: =AVERAGE(ENTRADA!S$222:S233) -> 94.761707 | T233: =AVERAGE(ENTRADA!T$222:T233) -> 94.192191 | U233: =AVERAGE(ENTRADA!U$222:U233) -> 96.389924 | V233: =AVERAGE(ENTRADA!V$222:V233) -> 94.738433 | W233: =AVERAGE(ENTRADA!W$222:W233) -> 113.96468 | X233: =AVERAGE(ENTRADA!X$222:X233) -> 100.61898 | AA233: =AVERAGE(ENTRADA!AA$222:AA233) -> 74.004193 | AB233: =AVERAGE(ENTRADA!AB$222:AB233) -> 189.44183 | AC233: =AVERAGE(ENTRADA!AC$222:AC233) -> 118.94577 | AD233: =AVERAGE(ENTRADA!AD$222:AD233) -> 88.884878 | AE233: =AVERAGE(ENTRADA!AE$222:AE233) -> 93.191172 | AF233: =AVERAGE(ENTRADA!AF$222:AF233) -> 90.725606 | AG233: =AVERAGE(ENTRADA!AH$222:AH233) -> 94.02258
A234: =ENTRADA!A234 -> 43466 | B234: =AVERAGE(ENTRADA!B$234:B234) -> 93.68782 | C234: =AVERAGE(ENTRADA!C$234:C234) -> 93.18898 | D234: =AVERAGE(ENTRADA!D$234:D234) -> 96.47752 | E234: =AVERAGE(ENTRADA!E$234:E234) -> 95.54743 | F234: =AVERAGE(ENTRADA!F$234:F234) -> 93.74578 | G234: =AVERAGE(ENTRADA!G$234:G234) -> 103.77594 | H234: =AVERAGE(ENTRADA!H$234:H234) -> 99.31699 | I234: =AVERAGE(ENTRADA!I$234:I234) -> 106.21567 | ... Q234: =AVERAGE(ENTRADA!Q$234:Q234) -> 94.31362 | S234: =AVERAGE(ENTRADA!S$234:S234) -> 96.15588 | T234: =AVERAGE(ENTRADA!T$234:T234) -> 95.84215 | U234: =AVERAGE(ENTRADA!U$234:U234) -> 100.04957 | V234: =AVERAGE(ENTRADA!V$234:V234) -> 99.21322 | W234: =AVERAGE(ENTRADA!W$234:W234) -> 114.34337 | X234: =AVERAGE(ENTRADA!X$234:X234) -> 100.57212 | AA234: =AVERAGE(ENTRADA!AA$234:AA234) -> 76.77226 | AB234: =AVERAGE(ENTRADA!AB$234:AB234) -> 135.1127 | AC234: =AVERAGE(ENTRADA!AC$234:AC234) -> 123.25118 | AD234: =AVERAGE(ENTRADA!AD$234:AD234) -> 92.62851 | AE234: =AVERAGE(ENTRADA!AE$234:AE234) -> 99.41063 | AF234: =AVERAGE(ENTRADA!AF$234:AF234) -> 93.04601 | AG234: =AVERAGE(ENTRADA!AH$234:AH234) -> 97.3147
A235: =ENTRADA!A235 -> 43497 | B235: =AVERAGE(ENTRADA!B$234:B235) -> 90.128245 | C235: =AVERAGE(ENTRADA!C$234:C235) -> 90.74456 | D235: =AVERAGE(ENTRADA!D$234:D235) -> 93.6151 | E235: =AVERAGE(ENTRADA!E$234:E235) -> 92.597185 | F235: =AVERAGE(ENTRADA!F$234:F235) -> 90.989835 | G235: =AVERAGE(ENTRADA!G$234:G235) -> 96.235185 | H235: =AVERAGE(ENTRADA!H$234:H235) -> 93.951265 | I235: =AVERAGE(ENTRADA!I$234:I235) -> 97.702785 | ... Q235: =AVERAGE(ENTRADA!Q$234:Q235) -> 91.03456 | S235: =AVERAGE(ENTRADA!S$234:S235) -> 95.86195 | T235: =AVERAGE(ENTRADA!T$234:T235) -> 95.818175 | U235: =AVERAGE(ENTRADA!U$234:U235) -> 99.132325 | V235: =AVERAGE(ENTRADA!V$234:V235) -> 97.92309 | W235: =AVERAGE(ENTRADA!W$234:W235) -> 114.89572 | X235: =AVERAGE(ENTRADA!X$234:X235) -> 99.397675 | AA235: =AVERAGE(ENTRADA!AA$234:AA235) -> 76.777035 | AB235: =AVERAGE(ENTRADA!AB$234:AB235) -> 141.87188 | AC235: =AVERAGE(ENTRADA!AC$234:AC235) -> 123.10604 | AD235: =AVERAGE(ENTRADA!AD$234:AD235) -> 92.738075 | AE235: =AVERAGE(ENTRADA!AE$234:AE235) -> 98.469335 | AF235: =AVERAGE(ENTRADA!AF$234:AF235) -> 93.005395 | AG235: =AVERAGE(ENTRADA!AH$234:AH235) -> 96.734505
A236: =ENTRADA!A236 -> 43525 | B236: =AVERAGE(ENTRADA!B$234:B236) -> 90.548307 | C236: =AVERAGE(ENTRADA!C$234:C236) -> 91.53953 | D236: =AVERAGE(ENTRADA!D$234:D236) -> 93.868767 | E236: =AVERAGE(ENTRADA!E$234:E236) -> 92.75441 | F236: =AVERAGE(ENTRADA!F$234:F236) -> 92.201773 | G236: =AVERAGE(ENTRADA!G$234:G236) -> 95.778687 | H236: =AVERAGE(ENTRADA!H$234:H236) -> 92.543543 | I236: =AVERAGE(ENTRADA!I$234:I236) -> 97.568907 | ... Q236: =AVERAGE(ENTRADA!Q$234:Q236) -> 91.3625 | S236: =AVERAGE(ENTRADA!S$234:S236) -> 95.84427 | T236: =AVERAGE(ENTRADA!T$234:T236) -> 95.5112 | U236: =AVERAGE(ENTRADA!U$234:U236) -> 97.996313 | V236: =AVERAGE(ENTRADA!V$234:V236) -> 96.784957 | W236: =AVERAGE(ENTRADA!W$234:W236) -> 114.9048 | X236: =AVERAGE(ENTRADA!X$234:X236) -> 99.39797 | AA236: =AVERAGE(ENTRADA!AA$234:AA236) -> 77.073667 | AB236: =AVERAGE(ENTRADA!AB$234:AB236) -> 146.75009 | AC236: =AVERAGE(ENTRADA!AC$234:AC236) -> 123.28675 | AD236: =AVERAGE(ENTRADA!AD$234:AD236) -> 93.30348 | AE236: =AVERAGE(ENTRADA!AE$234:AE236) -> 98.956193 | AF236: =AVERAGE(ENTRADA!AF$234:AF236) -> 93.757067 | AG236: =AVERAGE(ENTRADA!AH$234:AH236) -> 97.25302
A237: =ENTRADA!A237 -> 43556 | B237: =AVERAGE(ENTRADA!B$234:B237) -> 90.54474 | C237: =AVERAGE(ENTRADA!C$234:C237) -> 91.900373 | D237: =AVERAGE(ENTRADA!D$234:D237) -> 93.728915 | E237: =AVERAGE(ENTRADA!E$234:E237) -> 92.620468 | F237: =AVERAGE(ENTRADA!F$234:F237) -> 92.83571 | G237: =AVERAGE(ENTRADA!G$234:G237) -> 94.797492 | H237: =AVERAGE(ENTRADA!H$234:H237) -> 92.347915 | I237: =AVERAGE(ENTRADA!I$234:I237) -> 96.218183 | ... Q237: =AVERAGE(ENTRADA!Q$234:Q237) -> 91.733917 | S237: =AVERAGE(ENTRADA!S$234:S237) -> 95.85453 | T237: =AVERAGE(ENTRADA!T$234:T237) -> 95.632142 | U237: =AVERAGE(ENTRADA!U$234:U237) -> 97.218308 | V237: =AVERAGE(ENTRADA!V$234:V237) -> 95.732368 | W237: =AVERAGE(ENTRADA!W$234:W237) -> 113.64535 | X237: =AVERAGE(ENTRADA!X$234:X237) -> 100.68673 | AA237: =AVERAGE(ENTRADA!AA$234:AA237) -> 77.207823 | AB237: =AVERAGE(ENTRADA!AB$234:AB237) -> 150.50151 | AC237: =AVERAGE(ENTRADA!AC$234:AC237) -> 123.88346 | AD237: =AVERAGE(ENTRADA!AD$234:AD237) -> 93.72571 | AE237: =AVERAGE(ENTRADA!AE$234:AE237) -> 101.29561 | AF237: =AVERAGE(ENTRADA!AF$234:AF237) -> 94.861805 | AG237: =AVERAGE(ENTRADA!AH$234:AH237) -> 97.395272
A238: =ENTRADA!A238 -> 43586 | B238: =AVERAGE(ENTRADA!B$234:B238) -> 91.200268 | C238: =AVERAGE(ENTRADA!C$234:C238) -> 92.54271 | D238: =AVERAGE(ENTRADA!D$234:D238) -> 93.676296 | E238: =AVERAGE(ENTRADA!E$234:E238) -> 92.517526 | F238: =AVERAGE(ENTRADA!F$234:F238) -> 97.019164 | G238: =AVERAGE(ENTRADA!G$234:G238) -> 96.524178 | H238: =AVERAGE(ENTRADA!H$234:H238) -> 94.353284 | I238: =AVERAGE(ENTRADA!I$234:I238) -> 97.798124 | ... Q238: =AVERAGE(ENTRADA!Q$234:Q238) -> 92.693518 | S238: =AVERAGE(ENTRADA!S$234:S238) -> 95.753158 | T238: =AVERAGE(ENTRADA!T$234:T238) -> 95.38043 | U238: =AVERAGE(ENTRADA!U$234:U238) -> 96.732288 | V238: =AVERAGE(ENTRADA!V$234:V238) -> 95.344216 | W238: =AVERAGE(ENTRADA!W$234:W238) -> 113.38142 | X238: =AVERAGE(ENTRADA!X$234:X238) -> 101.13444 | AA238: =AVERAGE(ENTRADA!AA$234:AA238) -> 77.372606 | AB238: =AVERAGE(ENTRADA!AB$234:AB238) -> 153.76659 | AC238: =AVERAGE(ENTRADA!AC$234:AC238) -> 123.51593 | AD238: =AVERAGE(ENTRADA!AD$234:AD238) -> 92.2607 | AE238: =AVERAGE(ENTRADA!AE$234:AE238) -> 101.95768 | AF238: =AVERAGE(ENTRADA!AF$234:AF238) -> 94.529454 | AG238: =AVERAGE(ENTRADA!AH$234:AH238) -> 97.252042
A239: =ENTRADA!A239 -> 43617 | B239: =AVERAGE(ENTRADA!B$234:B239) -> 91.128017 | C239: =AVERAGE(ENTRADA!C$234:C239) -> 92.680585 | D239: =AVERAGE(ENTRADA!D$234:D239) -> 93.297408 | E239: =AVERAGE(ENTRADA!E$234:E239) -> 92.040988 | F239: =AVERAGE(ENTRADA!F$234:F239) -> 100.26229 | G239: =AVERAGE(ENTRADA!G$234:G239) -> 95.494253 | H239: =AVERAGE(ENTRADA!H$234:H239) -> 94.085342 | I239: =AVERAGE(ENTRADA!I$234:I239) -> 96.428145 | ... Q239: =AVERAGE(ENTRADA!Q$234:Q239) -> 92.611958 | S239: =AVERAGE(ENTRADA!S$234:S239) -> 95.612118 | T239: =AVERAGE(ENTRADA!T$234:T239) -> 95.29286 | U239: =AVERAGE(ENTRADA!U$234:U239) -> 96.426128 | V239: =AVERAGE(ENTRADA!V$234:V239) -> 95.084738 | W239: =AVERAGE(ENTRADA!W$234:W239) -> 113.28068 | X239: =AVERAGE(ENTRADA!X$234:X239) -> 100.79669 | AA239: =AVERAGE(ENTRADA!AA$234:AA239) -> 77.518718 | AB239: =AVERAGE(ENTRADA!AB$234:AB239) -> 152.94416 | AC239: =AVERAGE(ENTRADA!AC$234:AC239) -> 121.22094 | AD239: =AVERAGE(ENTRADA!AD$234:AD239) -> 91.659022 | AE239: =AVERAGE(ENTRADA!AE$234:AE239) -> 101.46978 | AF239: =AVERAGE(ENTRADA!AF$234:AF239) -> 94.274887 | AG239: =AVERAGE(ENTRADA!AH$234:AH239) -> 97.127438
A240: =ENTRADA!A240 -> 43647 | B240: =AVERAGE(ENTRADA!B$234:B240) -> 91.524806 | C240: =AVERAGE(ENTRADA!C$234:C240) -> 93.476274 | D240: =AVERAGE(ENTRADA!D$234:D240) -> 93.275187 | E240: =AVERAGE(ENTRADA!E$234:E240) -> 91.943451 | F240: =AVERAGE(ENTRADA!F$234:F240) -> 102.41342 | G240: =AVERAGE(ENTRADA!G$234:G240) -> 96.029711 | H240: =AVERAGE(ENTRADA!H$234:H240) -> 95.33661 | I240: =AVERAGE(ENTRADA!I$234:I240) -> 96.647917 | ... Q240: =AVERAGE(ENTRADA!Q$234:Q240) -> 93.439631 | S240: =AVERAGE(ENTRADA!S$234:S240) -> 95.603821 | T240: =AVERAGE(ENTRADA!T$234:T240) -> 95.173876 | U240: =AVERAGE(ENTRADA!U$234:U240) -> 96.339274 | V240: =AVERAGE(ENTRADA!V$234:V240) -> 94.989651 | W240: =AVERAGE(ENTRADA!W$234:W240) -> 113.08258 | X240: =AVERAGE(ENTRADA!X$234:X240) -> 101.02069 | AA240: =AVERAGE(ENTRADA!AA$234:AA240) -> 77.6902 | AB240: =AVERAGE(ENTRADA!AB$234:AB240) -> 153.02888 | AC240: =AVERAGE(ENTRADA!AC$234:AC240) -> 120.22504 | AD240: =AVERAGE(ENTRADA!AD$234:AD240) -> 91.799174 | AE240: =AVERAGE(ENTRADA!AE$234:AE240) -> 102.12526 | AF240: =AVERAGE(ENTRADA!AF$234:AF240) -> 94.073444 | AG240: =AVERAGE(ENTRADA!AH$234:AH240) -> 97.022993
A241: =ENTRADA!A241 -> 43678 | B241: =AVERAGE(ENTRADA!B$234:B241) -> 92.122991 | C241: =AVERAGE(ENTRADA!C$234:C241) -> 93.78337 | D241: =AVERAGE(ENTRADA!D$234:D241) -> 94.018419 | E241: =AVERAGE(ENTRADA!E$234:E241) -> 92.660295 | F241: =AVERAGE(ENTRADA!F$234:F241) -> 103.11239 | G241: =AVERAGE(ENTRADA!G$234:G241) -> 96.070322 | H241: =AVERAGE(ENTRADA!H$234:H241) -> 95.77654 | I241: =AVERAGE(ENTRADA!I$234:I241) -> 96.458296 | ... Q241: =AVERAGE(ENTRADA!Q$234:Q241) -> 94.13922 | S241: =AVERAGE(ENTRADA!S$234:S241) -> 95.59888 | T241: =AVERAGE(ENTRADA!T$234:T241) -> 94.862981 | U241: =AVERAGE(ENTRADA!U$234:U241) -> 96.439501 | V241: =AVERAGE(ENTRADA!V$234:V241) -> 95.073216 | W241: =AVERAGE(ENTRADA!W$234:W241) -> 113.12231 | X241: =AVERAGE(ENTRADA!X$234:X241) -> 100.7355 | AA241: =AVERAGE(ENTRADA!AA$234:AA241) -> 77.914699 | AB241: =AVERAGE(ENTRADA!AB$234:AB241) -> 152.59686 | AC241: =AVERAGE(ENTRADA!AC$234:AC241) -> 119.93595 | AD241: =AVERAGE(ENTRADA!AD$234:AD241) -> 91.888609 | AE241: =AVERAGE(ENTRADA!AE$234:AE241) -> 101.88894 | AF241: =AVERAGE(ENTRADA!AF$234:AF241) -> 93.881095 | AG241: =AVERAGE(ENTRADA!AH$234:AH241) -> 96.909857
A242: =ENTRADA!A242 -> 43709 | B242: =AVERAGE(ENTRADA!B$234:B242) -> 92.158767 | C242: =AVERAGE(ENTRADA!C$234:C242) -> 93.780456 | D242: =AVERAGE(ENTRADA!D$234:D242) -> 93.934911 | E242: =AVERAGE(ENTRADA!E$234:E242) -> 92.536102 | F242: =AVERAGE(ENTRADA!F$234:F242) -> 102.78171 | G242: =AVERAGE(ENTRADA!G$234:G242) -> 96.545893 | H242: =AVERAGE(ENTRADA!H$234:H242) -> 96.140257 | I242: =AVERAGE(ENTRADA!I$234:I242) -> 96.999198 | ... Q242: =AVERAGE(ENTRADA!Q$234:Q242) -> 94.226898 | S242: =AVERAGE(ENTRADA!S$234:S242) -> 95.808421 | T242: =AVERAGE(ENTRADA!T$234:T242) -> 94.686201 | U242: =AVERAGE(ENTRADA!U$234:U242) -> 96.565652 | V242: =AVERAGE(ENTRADA!V$234:V242) -> 95.215579 | W242: =AVERAGE(ENTRADA!W$234:W242) -> 113.23054 | X242: =AVERAGE(ENTRADA!X$234:X242) -> 101.32537 | AA242: =AVERAGE(ENTRADA!AA$234:AA242) -> 78.128084 | AB242: =AVERAGE(ENTRADA!AB$234:AB242) -> 151.5799 | AC242: =AVERAGE(ENTRADA!AC$234:AC242) -> 119.60656 | AD242: =AVERAGE(ENTRADA!AD$234:AD242) -> 92.339633 | AE242: =AVERAGE(ENTRADA!AE$234:AE242) -> 101.92452 | AF242: =AVERAGE(ENTRADA!AF$234:AF242) -> 93.877958 | AG242: =AVERAGE(ENTRADA!AH$234:AH242) -> 97.044348
A243: =ENTRADA!A243 -> 43739 | B243: =AVERAGE(ENTRADA!B$234:B243) -> 92.715221 | C243: =AVERAGE(ENTRADA!C$234:C243) -> 94.320721 | D243: =AVERAGE(ENTRADA!D$234:D243) -> 94.327273 | E243: =AVERAGE(ENTRADA!E$234:E243) -> 92.878349 | F243: =AVERAGE(ENTRADA!F$234:F243) -> 103.38534 | G243: =AVERAGE(ENTRADA!G$234:G243) -> 97.258545 | H243: =AVERAGE(ENTRADA!H$234:H243) -> 96.467895 | I243: =AVERAGE(ENTRADA!I$234:I243) -> 97.85195 | ... Q243: =AVERAGE(ENTRADA!Q$234:Q243) -> 94.97277 | S243: =AVERAGE(ENTRADA!S$234:S243) -> 96.013067 | T243: =AVERAGE(ENTRADA!T$234:T243) -> 94.682745 | U243: =AVERAGE(ENTRADA!U$234:U243) -> 96.638916 | V243: =AVERAGE(ENTRADA!V$234:V243) -> 95.25974 | W243: =AVERAGE(ENTRADA!W$234:W243) -> 113.35458 | X243: =AVERAGE(ENTRADA!X$234:X243) -> 101.947 | AA243: =AVERAGE(ENTRADA!AA$234:AA243) -> 78.38293 | AB243: =AVERAGE(ENTRADA!AB$234:AB243) -> 150.42585 | AC243: =AVERAGE(ENTRADA!AC$234:AC243) -> 119.80501 | AD243: =AVERAGE(ENTRADA!AD$234:AD243) -> 92.762941 | AE243: =AVERAGE(ENTRADA!AE$234:AE243) -> 102.52908 | AF243: =AVERAGE(ENTRADA!AF$234:AF243) -> 94.136751 | AG243: =AVERAGE(ENTRADA!AH$234:AH243) -> 97.266587
A244: =ENTRADA!A244 -> 43770 | B244: =AVERAGE(ENTRADA!B$234:B244) -> 93.929878 | C244: =AVERAGE(ENTRADA!C$234:C244) -> 94.37329 | D244: =AVERAGE(ENTRADA!D$234:D244) -> 95.004947 | E244: =AVERAGE(ENTRADA!E$234:E244) -> 93.563639 | F244: =AVERAGE(ENTRADA!F$234:F244) -> 105.26084 | G244: =AVERAGE(ENTRADA!G$234:G244) -> 100.33976 | H244: =AVERAGE(ENTRADA!H$234:H244) -> 98.895237 | I244: =AVERAGE(ENTRADA!I$234:I244) -> 101.26205 | ... Q244: =AVERAGE(ENTRADA!Q$234:Q244) -> 95.89841 | S244: =AVERAGE(ENTRADA!S$234:S244) -> 96.23747 | T244: =AVERAGE(ENTRADA!T$234:T244) -> 94.732406 | U244: =AVERAGE(ENTRADA!U$234:U244) -> 96.788463 | V244: =AVERAGE(ENTRADA!V$234:V244) -> 95.379535 | W244: =AVERAGE(ENTRADA!W$234:W244) -> 113.73319 | X244: =AVERAGE(ENTRADA!X$234:X244) -> 102.60188 | AA244: =AVERAGE(ENTRADA!AA$234:AA244) -> 78.801162 | AB244: =AVERAGE(ENTRADA!AB$234:AB244) -> 148.57879 | AC244: =AVERAGE(ENTRADA!AC$234:AC244) -> 119.92391 | AD244: =AVERAGE(ENTRADA!AD$234:AD244) -> 93.180735 | AE244: =AVERAGE(ENTRADA!AE$234:AE244) -> 102.52411 | AF244: =AVERAGE(ENTRADA!AF$234:AF244) -> 94.404385 | AG244: =AVERAGE(ENTRADA!AH$234:AH244) -> 97.436138
A245: =ENTRADA!A245 -> 43800 | B245: =AVERAGE(ENTRADA!B$234:B245) -> 96.51304 | C245: =AVERAGE(ENTRADA!C$234:C245) -> 94.716548 | D245: =AVERAGE(ENTRADA!D$234:D245) -> 96.690567 | E245: =AVERAGE(ENTRADA!E$234:E245) -> 95.293023 | F245: =AVERAGE(ENTRADA!F$234:F245) -> 114.07547 | G245: =AVERAGE(ENTRADA!G$234:G245) -> 104.30512 | H245: =AVERAGE(ENTRADA!H$234:H245) -> 102.36692 | I245: =AVERAGE(ENTRADA!I$234:I245) -> 105.50617 | ... Q245: =AVERAGE(ENTRADA!Q$234:Q245) -> 97.696753 | S245: =AVERAGE(ENTRADA!S$234:S245) -> 96.485687 | T245: =AVERAGE(ENTRADA!T$234:T245) -> 94.800876 | U245: =AVERAGE(ENTRADA!U$234:U245) -> 96.824725 | V245: =AVERAGE(ENTRADA!V$234:V245) -> 95.413629 | W245: =AVERAGE(ENTRADA!W$234:W245) -> 114.1711 | X245: =AVERAGE(ENTRADA!X$234:X245) -> 103.81962 | AA245: =AVERAGE(ENTRADA!AA$234:AA245) -> 79.077816 | AB245: =AVERAGE(ENTRADA!AB$234:AB245) -> 150.19015 | AC245: =AVERAGE(ENTRADA!AC$234:AC245) -> 119.70275 | AD245: =AVERAGE(ENTRADA!AD$234:AD245) -> 94.131718 | AE245: =AVERAGE(ENTRADA!AE$234:AE245) -> 102.5491 | AF245: =AVERAGE(ENTRADA!AF$234:AF245) -> 94.615226 | AG245: =AVERAGE(ENTRADA!AH$234:AH245) -> 97.663827
A246: =ENTRADA!A246 -> 43831 | B246: =AVERAGE(ENTRADA!B$246:B246) -> 95.01804 | C246: =AVERAGE(ENTRADA!C$246:C246) -> 92.62738 | D246: =AVERAGE(ENTRADA!D$246:D246) -> 93.83039 | E246: =AVERAGE(ENTRADA!E$246:E246) -> 92.72008 | F246: =AVERAGE(ENTRADA!F$246:F246) -> 96.20591 | G246: =AVERAGE(ENTRADA!G$246:G246) -> 115.23134 | H246: =AVERAGE(ENTRADA!H$246:H246) -> 109.09488 | I246: =AVERAGE(ENTRADA!I$246:I246) -> 118.73243 | ... Q246: =AVERAGE(ENTRADA!Q$246:Q246) -> 97.577 | S246: =AVERAGE(ENTRADA!S$246:S246) -> 98.06827 | T246: =AVERAGE(ENTRADA!T$246:T246) -> 95.13764 | U246: =AVERAGE(ENTRADA!U$246:U246) -> 96.67703 | V246: =AVERAGE(ENTRADA!V$246:V246) -> 95.86832 | W246: =AVERAGE(ENTRADA!W$246:W246) -> 116.92777 | X246: =AVERAGE(ENTRADA!X$246:X246) -> 113.34291 | AA246: =AVERAGE(ENTRADA!AA$246:AA246) -> 81.9215 | AB246: =AVERAGE(ENTRADA!AB$246:AB246) -> 159.88843 | AC246: =AVERAGE(ENTRADA!AC$246:AC246) -> 115.17056 | AD246: =AVERAGE(ENTRADA!AD$246:AD246) -> 100.43973 | AE246: =AVERAGE(ENTRADA!AE$246:AE246) -> 110.23047 | AF246: =AVERAGE(ENTRADA!AF$246:AF246) -> 96.99072 | AG246: =AVERAGE(ENTRADA!AH$246:AH246) -> 101.16287
A247: =ENTRADA!A247 -> 43862 | B247: =AVERAGE(ENTRADA!B$246:B247) -> 92.816085 | C247: =AVERAGE(ENTRADA!C$246:C247) -> 90.627545 | D247: =AVERAGE(ENTRADA!D$246:D247) -> 94.100175 | E247: =AVERAGE(ENTRADA!E$246:E247) -> 93.011235 | F247: =AVERAGE(ENTRADA!F$246:F247) -> 92.563025 | G247: =AVERAGE(ENTRADA!G$246:G247) -> 107.17509 | H247: =AVERAGE(ENTRADA!H$246:H247) -> 102.23969 | I247: =AVERAGE(ENTRADA!I$246:I247) -> 109.34535 | ... Q247: =AVERAGE(ENTRADA!Q$246:Q247) -> 93.965085 | S247: =AVERAGE(ENTRADA!S$246:S247) -> 98.123165 | T247: =AVERAGE(ENTRADA!T$246:T247) -> 95.19013 | U247: =AVERAGE(ENTRADA!U$246:U247) -> 97.138555 | V247: =AVERAGE(ENTRADA!V$246:V247) -> 95.938765 | W247: =AVERAGE(ENTRADA!W$246:W247) -> 118.48101 | X247: =AVERAGE(ENTRADA!X$246:X247) -> 114.80687 | AA247: =AVERAGE(ENTRADA!AA$246:AA247) -> 82.419805 | AB247: =AVERAGE(ENTRADA!AB$246:AB247) -> 160.443 | AC247: =AVERAGE(ENTRADA!AC$246:AC247) -> 115.11361 | AD247: =AVERAGE(ENTRADA!AD$246:AD247) -> 101.50112 | AE247: =AVERAGE(ENTRADA!AE$246:AE247) -> 109.48459 | AF247: =AVERAGE(ENTRADA!AF$246:AF247) -> 96.59518 | AG247: =AVERAGE(ENTRADA!AH$246:AH247) -> 100.96404
A248: =ENTRADA!A248 -> 43891 | B248: =AVERAGE(ENTRADA!B$246:B248) -> 91.99152 | C248: =AVERAGE(ENTRADA!C$246:C248) -> 88.392993 | D248: =AVERAGE(ENTRADA!D$246:D248) -> 97.647363 | E248: =AVERAGE(ENTRADA!E$246:E248) -> 96.74348 | F248: =AVERAGE(ENTRADA!F$246:F248) -> 80.741103 | G248: =AVERAGE(ENTRADA!G$246:G248) -> 99.21734 | H248: =AVERAGE(ENTRADA!H$246:H248) -> 94.842903 | I248: =AVERAGE(ENTRADA!I$246:I248) -> 101.30019 | ... Q248: =AVERAGE(ENTRADA!Q$246:Q248) -> 91.35824 | S248: =AVERAGE(ENTRADA!S$246:S248) -> 96.735647 | T248: =AVERAGE(ENTRADA!T$246:T248) -> 91.48612 | U248: =AVERAGE(ENTRADA!U$246:U248) -> 100.7423 | V248: =AVERAGE(ENTRADA!V$246:V248) -> 100.26011 | W248: =AVERAGE(ENTRADA!W$246:W248) -> 103.6574 | X248: =AVERAGE(ENTRADA!X$246:X248) -> 104.06829 | AA248: =AVERAGE(ENTRADA!AA$246:AA248) -> 82.917973 | AB248: =AVERAGE(ENTRADA!AB$246:AB248) -> 138.06185 | AC248: =AVERAGE(ENTRADA!AC$246:AC248) -> 106.61161 | AD248: =AVERAGE(ENTRADA!AD$246:AD248) -> 92.362487 | AE248: =AVERAGE(ENTRADA!AE$246:AE248) -> 96.670947 | AF248: =AVERAGE(ENTRADA!AF$246:AF248) -> 91.090307 | AG248: =AVERAGE(ENTRADA!AH$246:AH248) -> 96.519683
A249: =ENTRADA!A249 -> 43922 | B249: =AVERAGE(ENTRADA!B$246:B249) -> 87.74781 | C249: =AVERAGE(ENTRADA!C$246:C249) -> 83.659113 | D249: =AVERAGE(ENTRADA!D$246:D249) -> 97.65125 | E249: =AVERAGE(ENTRADA!E$246:E249) -> 96.954032 | F249: =AVERAGE(ENTRADA!F$246:F249) -> 65.110463 | G249: =AVERAGE(ENTRADA!G$246:G249) -> 89.18406 | H249: =AVERAGE(ENTRADA!H$246:H249) -> 84.739052 | I249: =AVERAGE(ENTRADA!I$246:I249) -> 91.352645 | ... Q249: =AVERAGE(ENTRADA!Q$246:Q249) -> 85.361458 | S249: =AVERAGE(ENTRADA!S$246:S249) -> 92.37292 | T249: =AVERAGE(ENTRADA!T$246:T249) -> 86.686035 | U249: =AVERAGE(ENTRADA!U$246:U249) -> 100.41156 | V249: =AVERAGE(ENTRADA!V$246:V249) -> 99.444835 | W249: =AVERAGE(ENTRADA!W$246:W249) -> 85.664158 | X249: =AVERAGE(ENTRADA!X$246:X249) -> 94.851188 | AA249: =AVERAGE(ENTRADA!AA$246:AA249) -> 79.681745 | AB249: =AVERAGE(ENTRADA!AB$246:AB249) -> 119.93636 | AC249: =AVERAGE(ENTRADA!AC$246:AC249) -> 97.162562 | AD249: =AVERAGE(ENTRADA!AD$246:AD249) -> 82.490498 | AE249: =AVERAGE(ENTRADA!AE$246:AE249) -> 83.791705 | AF249: =AVERAGE(ENTRADA!AF$246:AF249) -> 87.898853 | AG249: =AVERAGE(ENTRADA!AH$246:AH249) -> 90.27437
A250: =ENTRADA!A250 -> 43952 | B250: =AVERAGE(ENTRADA!B$246:B250) -> 87.577488 | C250: =AVERAGE(ENTRADA!C$246:C250) -> 81.84509 | D250: =AVERAGE(ENTRADA!D$246:D250) -> 98.557182 | E250: =AVERAGE(ENTRADA!E$246:E250) -> 98.005246 | F250: =AVERAGE(ENTRADA!F$246:F250) -> 60.575046 | G250: =AVERAGE(ENTRADA!G$246:G250) -> 90.379988 | H250: =AVERAGE(ENTRADA!H$246:H250) -> 85.312126 | I250: =AVERAGE(ENTRADA!I$246:I250) -> 92.88133 | ... Q250: =AVERAGE(ENTRADA!Q$246:Q250) -> 84.505132 | S250: =AVERAGE(ENTRADA!S$246:S250) -> 91.558128 | T250: =AVERAGE(ENTRADA!T$246:T250) -> 84.27353 | U250: =AVERAGE(ENTRADA!U$246:U250) -> 100.80993 | V250: =AVERAGE(ENTRADA!V$246:V250) -> 100.11642 | W250: =AVERAGE(ENTRADA!W$246:W250) -> 76.590688 | X250: =AVERAGE(ENTRADA!X$246:X250) -> 94.711372 | AA250: =AVERAGE(ENTRADA!AA$246:AA250) -> 79.226288 | AB250: =AVERAGE(ENTRADA!AB$246:AB250) -> 110.56234 | AC250: =AVERAGE(ENTRADA!AC$246:AC250) -> 92.99595 | AD250: =AVERAGE(ENTRADA!AD$246:AD250) -> 79.823872 | AE250: =AVERAGE(ENTRADA!AE$246:AE250) -> 78.8524 | AF250: =AVERAGE(ENTRADA!AF$246:AF250) -> 88.53835 | AG250: =AVERAGE(ENTRADA!AH$246:AH250) -> 88.736782
A251: =ENTRADA!A251 -> 43983 | B251: =AVERAGE(ENTRADA!B$246:B251) -> 88.182753 | C251: =AVERAGE(ENTRADA!C$246:C251) -> 81.24738 | D251: =AVERAGE(ENTRADA!D$246:D251) -> 98.347525 | E251: =AVERAGE(ENTRADA!E$246:E251) -> 97.841462 | F251: =AVERAGE(ENTRADA!F$246:F251) -> 61.422638 | G251: =AVERAGE(ENTRADA!G$246:G251) -> 94.14509 | H251: =AVERAGE(ENTRADA!H$246:H251) -> 89.865542 | I251: =AVERAGE(ENTRADA!I$246:I251) -> 96.333353 | ... Q251: =AVERAGE(ENTRADA!Q$246:Q251) -> 85.438998 | S251: =AVERAGE(ENTRADA!S$246:S251) -> 92.17368 | T251: =AVERAGE(ENTRADA!T$246:T251) -> 83.373613 | U251: =AVERAGE(ENTRADA!U$246:U251) -> 101.17324 | V251: =AVERAGE(ENTRADA!V$246:V251) -> 100.64649 | W251: =AVERAGE(ENTRADA!W$246:W251) -> 74.296582 | X251: =AVERAGE(ENTRADA!X$246:X251) -> 99.491998 | AA251: =AVERAGE(ENTRADA!AA$246:AA251) -> 79.725907 | AB251: =AVERAGE(ENTRADA!AB$246:AB251) -> 107.93619 | AC251: =AVERAGE(ENTRADA!AC$246:AC251) -> 93.8582 | AD251: =AVERAGE(ENTRADA!AD$246:AD251) -> 81.724003 | AE251: =AVERAGE(ENTRADA!AE$246:AE251) -> 78.983327 | AF251: =AVERAGE(ENTRADA!AF$246:AF251) -> 91.806415 | AG251: =AVERAGE(ENTRADA!AH$246:AH251) -> 89.166263
A252: =ENTRADA!A252 -> 44013 | B252: =AVERAGE(ENTRADA!B$246:B252) -> 89.737224 | C252: =AVERAGE(ENTRADA!C$246:C252) -> 82.184856 | D252: =AVERAGE(ENTRADA!D$246:D252) -> 98.912296 | E252: =AVERAGE(ENTRADA!E$246:E252) -> 98.443201 | F252: =AVERAGE(ENTRADA!F$246:F252) -> 63.993596 | G252: =AVERAGE(ENTRADA!G$246:G252) -> 98.621393 | H252: =AVERAGE(ENTRADA!H$246:H252) -> 95.999 | I252: =AVERAGE(ENTRADA!I$246:I252) -> 100.13274 | ... Q252: =AVERAGE(ENTRADA!Q$246:Q252) -> 87.515531 | S252: =AVERAGE(ENTRADA!S$246:S252) -> 93.231187 | T252: =AVERAGE(ENTRADA!T$246:T252) -> 83.352909 | U252: =AVERAGE(ENTRADA!U$246:U252) -> 101.43899 | V252: =AVERAGE(ENTRADA!V$246:V252) -> 101.0258 | W252: =AVERAGE(ENTRADA!W$246:W252) -> 74.454181 | X252: =AVERAGE(ENTRADA!X$246:X252) -> 103.6906 | AA252: =AVERAGE(ENTRADA!AA$246:AA252) -> 81.054914 | AB252: =AVERAGE(ENTRADA!AB$246:AB252) -> 109.10769 | AC252: =AVERAGE(ENTRADA!AC$246:AC252) -> 95.586386 | AD252: =AVERAGE(ENTRADA!AD$246:AD252) -> 84.289816 | AE252: =AVERAGE(ENTRADA!AE$246:AE252) -> 80.297519 | AF252: =AVERAGE(ENTRADA!AF$246:AF252) -> 95.03636 | AG252: =AVERAGE(ENTRADA!AH$246:AH252) -> 90.357071
A253: =ENTRADA!A253 -> 44044 | B253: =AVERAGE(ENTRADA!B$246:B253) -> 91.301697 | C253: =AVERAGE(ENTRADA!C$246:C253) -> 82.818605 | D253: =AVERAGE(ENTRADA!D$246:D253) -> 99.323125 | E253: =AVERAGE(ENTRADA!E$246:E253) -> 98.875801 | F253: =AVERAGE(ENTRADA!F$246:F253) -> 68.668559 | G253: =AVERAGE(ENTRADA!G$246:G253) -> 102.70756 | H253: =AVERAGE(ENTRADA!H$246:H253) -> 101.28958 | I253: =AVERAGE(ENTRADA!I$246:I253) -> 103.76159 | ... Q253: =AVERAGE(ENTRADA!Q$246:Q253) -> 89.428161 | S253: =AVERAGE(ENTRADA!S$246:S253) -> 94.377566 | T253: =AVERAGE(ENTRADA!T$246:T253) -> 83.51921 | U253: =AVERAGE(ENTRADA!U$246:U253) -> 101.43365 | V253: =AVERAGE(ENTRADA!V$246:V253) -> 101.06494 | W253: =AVERAGE(ENTRADA!W$246:W253) -> 78.468851 | X253: =AVERAGE(ENTRADA!X$246:X253) -> 107.55342 | AA253: =AVERAGE(ENTRADA!AA$246:AA253) -> 81.934385 | AB253: =AVERAGE(ENTRADA!AB$246:AB253) -> 106.63446 | AC253: =AVERAGE(ENTRADA!AC$246:AC253) -> 96.719755 | AD253: =AVERAGE(ENTRADA!AD$246:AD253) -> 87.647806 | AE253: =AVERAGE(ENTRADA!AE$246:AE253) -> 81.475415 | AF253: =AVERAGE(ENTRADA!AF$246:AF253) -> 97.883187 | AG253: =AVERAGE(ENTRADA!AH$246:AH253) -> 91.770463
A254: =ENTRADA!A254 -> 44075 | B254: =AVERAGE(ENTRADA!B$246:B254) -> 92.176873 | C254: =AVERAGE(ENTRADA!C$246:C254) -> 83.476778 | D254: =AVERAGE(ENTRADA!D$246:D254) -> 99.099116 | E254: =AVERAGE(ENTRADA!E$246:E254) -> 98.629819 | F254: =AVERAGE(ENTRADA!F$246:F254) -> 71.399704 | G254: =AVERAGE(ENTRADA!G$246:G254) -> 105.65838 | H254: =AVERAGE(ENTRADA!H$246:H254) -> 104.623 | I254: =AVERAGE(ENTRADA!I$246:I254) -> 106.36466 | ... Q254: =AVERAGE(ENTRADA!Q$246:Q254) -> 90.817684 | S254: =AVERAGE(ENTRADA!S$246:S254) -> 95.395388 | T254: =AVERAGE(ENTRADA!T$246:T254) -> 84.016908 | U254: =AVERAGE(ENTRADA!U$246:U254) -> 101.40532 | V254: =AVERAGE(ENTRADA!V$246:V254) -> 101.04678 | W254: =AVERAGE(ENTRADA!W$246:W254) -> 81.62173 | X254: =AVERAGE(ENTRADA!X$246:X254) -> 110.67861 | AA254: =AVERAGE(ENTRADA!AA$246:AA254) -> 82.831581 | AB254: =AVERAGE(ENTRADA!AB$246:AB254) -> 105.43011 | AC254: =AVERAGE(ENTRADA!AC$246:AC254) -> 98.108136 | AD254: =AVERAGE(ENTRADA!AD$246:AD254) -> 90.446801 | AE254: =AVERAGE(ENTRADA!AE$246:AE254) -> 83.537141 | AF254: =AVERAGE(ENTRADA!AF$246:AF254) -> 100.27228 | AG254: =AVERAGE(ENTRADA!AH$246:AH254) -> 93.035396
A255: =ENTRADA!A255 -> 44105 | B255: =AVERAGE(ENTRADA!B$246:B255) -> 93.548166 | C255: =AVERAGE(ENTRADA!C$246:C255) -> 84.548736 | D255: =AVERAGE(ENTRADA!D$246:D255) -> 99.691241 | E255: =AVERAGE(ENTRADA!E$246:E255) -> 99.232822 | F255: =AVERAGE(ENTRADA!F$246:F255) -> 74.889578 | G255: =AVERAGE(ENTRADA!G$246:G255) -> 107.7334 | H255: =AVERAGE(ENTRADA!H$246:H255) -> 107.16115 | I255: =AVERAGE(ENTRADA!I$246:I255) -> 108.28259 | ... Q255: =AVERAGE(ENTRADA!Q$246:Q255) -> 92.523305 | S255: =AVERAGE(ENTRADA!S$246:S255) -> 96.305471 | T255: =AVERAGE(ENTRADA!T$246:T255) -> 84.523407 | U255: =AVERAGE(ENTRADA!U$246:U255) -> 101.47687 | V255: =AVERAGE(ENTRADA!V$246:V255) -> 101.13267 | W255: =AVERAGE(ENTRADA!W$246:W255) -> 84.513391 | X255: =AVERAGE(ENTRADA!X$246:X255) -> 112.74417 | AA255: =AVERAGE(ENTRADA!AA$246:AA255) -> 83.776868 | AB255: =AVERAGE(ENTRADA!AB$246:AB255) -> 104.56026 | AC255: =AVERAGE(ENTRADA!AC$246:AC255) -> 99.082287 | AD255: =AVERAGE(ENTRADA!AD$246:AD255) -> 92.772629 | AE255: =AVERAGE(ENTRADA!AE$246:AE255) -> 85.412347 | AF255: =AVERAGE(ENTRADA!AF$246:AF255) -> 102.10468 | AG255: =AVERAGE(ENTRADA!AH$246:AH255) -> 94.232697
A256: =ENTRADA!A256 -> 44136 | B256: =AVERAGE(ENTRADA!B$246:B256) -> 95.030163 | C256: =AVERAGE(ENTRADA!C$246:C256) -> 84.924161 | D256: =AVERAGE(ENTRADA!D$246:D256) -> 99.713014 | E256: =AVERAGE(ENTRADA!E$246:E256) -> 99.300847 | F256: =AVERAGE(ENTRADA!F$246:F256) -> 78.964935 | G256: =AVERAGE(ENTRADA!G$246:G256) -> 112.0026 | H256: =AVERAGE(ENTRADA!H$246:H256) -> 111.02734 | I256: =AVERAGE(ENTRADA!I$246:I256) -> 112.74461 | ... Q256: =AVERAGE(ENTRADA!Q$246:Q256) -> 94.069072 | S256: =AVERAGE(ENTRADA!S$246:S256) -> 97.027986 | T256: =AVERAGE(ENTRADA!T$246:T256) -> 85.030471 | U256: =AVERAGE(ENTRADA!U$246:U256) -> 101.27418 | V256: =AVERAGE(ENTRADA!V$246:V256) -> 100.95326 | W256: =AVERAGE(ENTRADA!W$246:W256) -> 87.131038 | X256: =AVERAGE(ENTRADA!X$246:X256) -> 114.12365 | AA256: =AVERAGE(ENTRADA!AA$246:AA256) -> 84.642046 | AB256: =AVERAGE(ENTRADA!AB$246:AB256) -> 105.11054 | AC256: =AVERAGE(ENTRADA!AC$246:AC256) -> 99.741891 | AD256: =AVERAGE(ENTRADA!AD$246:AD256) -> 94.661895 | AE256: =AVERAGE(ENTRADA!AE$246:AE256) -> 87.029092 | AF256: =AVERAGE(ENTRADA!AF$246:AF256) -> 103.32538 | AG256: =AVERAGE(ENTRADA!AH$246:AH256) -> 95.240625
A257: =ENTRADA!A257 -> 44166 | B257: =AVERAGE(ENTRADA!B$246:B257) -> 97.65365 | C257: =AVERAGE(ENTRADA!C$246:C257) -> 85.52511 | D257: =AVERAGE(ENTRADA!D$246:D257) -> 101.34075 | E257: =AVERAGE(ENTRADA!E$246:E257) -> 100.99444 | F257: =AVERAGE(ENTRADA!F$246:F257) -> 88.371306 | G257: =AVERAGE(ENTRADA!G$246:G257) -> 115.31403 | H257: =AVERAGE(ENTRADA!H$246:H257) -> 114.56916 | I257: =AVERAGE(ENTRADA!I$246:I257) -> 116.02489 | ... Q257: =AVERAGE(ENTRADA!Q$246:Q257) -> 96.292977 | S257: =AVERAGE(ENTRADA!S$246:S257) -> 97.278494 | T257: =AVERAGE(ENTRADA!T$246:T257) -> 85.325392 | U257: =AVERAGE(ENTRADA!U$246:U257) -> 101.15714 | V257: =AVERAGE(ENTRADA!V$246:V257) -> 100.83261 | W257: =AVERAGE(ENTRADA!W$246:W257) -> 88.574313 | X257: =AVERAGE(ENTRADA!X$246:X257) -> 114.7166 | AA257: =AVERAGE(ENTRADA!AA$246:AA257) -> 85.274128 | AB257: =AVERAGE(ENTRADA!AB$246:AB257) -> 104.30886 | AC257: =AVERAGE(ENTRADA!AC$246:AC257) -> 100.16472 | AD257: =AVERAGE(ENTRADA!AD$246:AD257) -> 95.784225 | AE257: =AVERAGE(ENTRADA!AE$246:AE257) -> 88.55054 | AF257: =AVERAGE(ENTRADA!AF$246:AF257) -> 104.18857 | AG257: =AVERAGE(ENTRADA!AH$246:AH257) -> 95.853069
A258: =ENTRADA!A258 -> 44197 | B258: =AVERAGE(ENTRADA!B$258:B258) -> 94.63845 | C258: =AVERAGE(ENTRADA!C$258:C258) -> 85.40882 | D258: =AVERAGE(ENTRADA!D$258:D258) -> 95.00777 | E258: =AVERAGE(ENTRADA!E$258:E258) -> 95.04294 | F258: =AVERAGE(ENTRADA!F$258:F258) -> 75.81353 | G258: =AVERAGE(ENTRADA!G$258:G258) -> 109.25507 | H258: =AVERAGE(ENTRADA!H$258:H258) -> 107.06327 | I258: =AVERAGE(ENTRADA!I$258:I258) -> 110.66071 | ... Q258: =AVERAGE(ENTRADA!Q$258:Q258) -> 94.59631 | S258: =AVERAGE(ENTRADA!S$258:S258) -> 98.58084 | T258: =AVERAGE(ENTRADA!T$258:T258) -> 89.13827 | U258: =AVERAGE(ENTRADA!U$258:U258) -> 97.21303 | V258: =AVERAGE(ENTRADA!V$258:V258) -> 97.62347 | W258: =AVERAGE(ENTRADA!W$258:W258) -> 96.06343 | X258: =AVERAGE(ENTRADA!X$258:X258) -> 108.95398 | AA258: =AVERAGE(ENTRADA!AA$258:AA258) -> 94.56862 | AB258: =AVERAGE(ENTRADA!AB$258:AB258) -> 32.68411 | AC258: =AVERAGE(ENTRADA!AC$258:AC258) -> 99.4499 | AD258: =AVERAGE(ENTRADA!AD$258:AD258) -> 110.67465 | AE258: =AVERAGE(ENTRADA!AE$258:AE258) -> 94.52298 | AF258: =AVERAGE(ENTRADA!AF$258:AF258) -> 113.15052 | AG258: =AVERAGE(ENTRADA!AH$258:AH258) -> 100.58067
A259: =ENTRADA!A259 -> 44228 | B259: =AVERAGE(ENTRADA!B$258:B259) -> 90.8649 | C259: =AVERAGE(ENTRADA!C$258:C259) -> 82.286235 | D259: =AVERAGE(ENTRADA!D$258:D259) -> 92.536505 | E259: =AVERAGE(ENTRADA!E$258:E259) -> 92.60146 | F259: =AVERAGE(ENTRADA!F$258:F259) -> 73.994985 | G259: =AVERAGE(ENTRADA!G$258:G259) -> 104.5239 | H259: =AVERAGE(ENTRADA!H$258:H259) -> 102.48271 | I259: =AVERAGE(ENTRADA!I$258:I259) -> 105.91397 | ... Q259: =AVERAGE(ENTRADA!Q$258:Q259) -> 91.60135 | S259: =AVERAGE(ENTRADA!S$258:S259) -> 98.66961 | T259: =AVERAGE(ENTRADA!T$258:T259) -> 89.008255 | U259: =AVERAGE(ENTRADA!U$258:U259) -> 97.68067 | V259: =AVERAGE(ENTRADA!V$258:V259) -> 97.759315 | W259: =AVERAGE(ENTRADA!W$258:W259) -> 99.385365 | X259: =AVERAGE(ENTRADA!X$258:X259) -> 112.86037 | AA259: =AVERAGE(ENTRADA!AA$258:AA259) -> 93.99751 | AB259: =AVERAGE(ENTRADA!AB$258:AB259) -> 60.63086 | AC259: =AVERAGE(ENTRADA!AC$258:AC259) -> 102.02846 | AD259: =AVERAGE(ENTRADA!AD$258:AD259) -> 109.33695 | AE259: =AVERAGE(ENTRADA!AE$258:AE259) -> 99.249925 | AF259: =AVERAGE(ENTRADA!AF$258:AF259) -> 114.71871 | AG259: =AVERAGE(ENTRADA!AH$258:AH259) -> 101.33745
A260: =ENTRADA!A260 -> 44256 | B260: =AVERAGE(ENTRADA!B$258:B260) -> 91.362253 | C260: =AVERAGE(ENTRADA!C$258:C260) -> 82.41869 | D260: =AVERAGE(ENTRADA!D$258:D260) -> 95.25142 | E260: =AVERAGE(ENTRADA!E$258:E260) -> 95.312253 | F260: =AVERAGE(ENTRADA!F$258:F260) -> 65.580673 | G260: =AVERAGE(ENTRADA!G$258:G260) -> 100.69869 | H260: =AVERAGE(ENTRADA!H$258:H260) -> 99.66812 | I260: =AVERAGE(ENTRADA!I$258:I260) -> 101.53806 | ... Q260: =AVERAGE(ENTRADA!Q$258:Q260) -> 92.60677 | S260: =AVERAGE(ENTRADA!S$258:S260) -> 97.445127 | T260: =AVERAGE(ENTRADA!T$258:T260) -> 86.734897 | U260: =AVERAGE(ENTRADA!U$258:U260) -> 98.65885 | V260: =AVERAGE(ENTRADA!V$258:V260) -> 98.869567 | W260: =AVERAGE(ENTRADA!W$258:W260) -> 88.417293 | X260: =AVERAGE(ENTRADA!X$258:X260) -> 106.77454 | AA260: =AVERAGE(ENTRADA!AA$258:AA260) -> 93.70357 | AB260: =AVERAGE(ENTRADA!AB$258:AB260) -> 67.837467 | AC260: =AVERAGE(ENTRADA!AC$258:AC260) -> 97.843943 | AD260: =AVERAGE(ENTRADA!AD$258:AD260) -> 104.92935 | AE260: =AVERAGE(ENTRADA!AE$258:AE260) -> 97.75122 | AF260: =AVERAGE(ENTRADA!AF$258:AF260) -> 112.26943 | AG260: =AVERAGE(ENTRADA!AH$258:AH260) -> 99.12117
A261: =ENTRADA!A261 -> 44287 | B261: =AVERAGE(ENTRADA!B$258:B261) -> 91.725375 | C261: =AVERAGE(ENTRADA!C$258:C261) -> 82.531198 | D261: =AVERAGE(ENTRADA!D$258:D261) -> 95.433485 | E261: =AVERAGE(ENTRADA!E$258:E261) -> 95.488152 | F261: =AVERAGE(ENTRADA!F$258:F261) -> 67.461255 | G261: =AVERAGE(ENTRADA!G$258:G261) -> 100.79839 | H261: =AVERAGE(ENTRADA!H$258:H261) -> 100.52523 | I261: =AVERAGE(ENTRADA!I$258:I261) -> 101.3207 | ... Q261: =AVERAGE(ENTRADA!Q$258:Q261) -> 93.191615 | S261: =AVERAGE(ENTRADA!S$258:S261) -> 97.522572 | T261: =AVERAGE(ENTRADA!T$258:T261) -> 86.423678 | U261: =AVERAGE(ENTRADA!U$258:U261) -> 99.039207 | V261: =AVERAGE(ENTRADA!V$258:V261) -> 98.793878 | W261: =AVERAGE(ENTRADA!W$258:W261) -> 87.4312 | X261: =AVERAGE(ENTRADA!X$258:X261) -> 108.10295 | AA261: =AVERAGE(ENTRADA!AA$258:AA261) -> 93.615303 | AB261: =AVERAGE(ENTRADA!AB$258:AB261) -> 74.678353 | AC261: =AVERAGE(ENTRADA!AC$258:AC261) -> 98.741748 | AD261: =AVERAGE(ENTRADA!AD$258:AD261) -> 105.44019 | AE261: =AVERAGE(ENTRADA!AE$258:AE261) -> 98.233335 | AF261: =AVERAGE(ENTRADA!AF$258:AF261) -> 111.54475 | AG261: =AVERAGE(ENTRADA!AH$258:AH261) -> 99.285697
A262: =ENTRADA!A262 -> 44317 | B262: =AVERAGE(ENTRADA!B$258:B262) -> 93.529844 | C262: =AVERAGE(ENTRADA!C$258:C262) -> 83.865732 | D262: =AVERAGE(ENTRADA!D$258:D262) -> 95.913696 | E262: =AVERAGE(ENTRADA!E$258:E262) -> 95.948048 | F262: =AVERAGE(ENTRADA!F$258:F262) -> 76.477504 | G262: =AVERAGE(ENTRADA!G$258:G262) -> 103.98787 | H262: =AVERAGE(ENTRADA!H$258:H262) -> 104.00023 | I262: =AVERAGE(ENTRADA!I$258:I262) -> 104.4004 | ... Q262: =AVERAGE(ENTRADA!Q$258:Q262) -> 95.029204 | S262: =AVERAGE(ENTRADA!S$258:S262) -> 98.531756 | T262: =AVERAGE(ENTRADA!T$258:T262) -> 86.888046 | U262: =AVERAGE(ENTRADA!U$258:U262) -> 98.94878 | V262: =AVERAGE(ENTRADA!V$258:V262) -> 98.834622 | W262: =AVERAGE(ENTRADA!W$258:W262) -> 91.729452 | X262: =AVERAGE(ENTRADA!X$258:X262) -> 109.52465 | AA262: =AVERAGE(ENTRADA!AA$258:AA262) -> 93.331918 | AB262: =AVERAGE(ENTRADA!AB$258:AB262) -> 78.28408 | AC262: =AVERAGE(ENTRADA!AC$258:AC262) -> 99.35735 | AD262: =AVERAGE(ENTRADA!AD$258:AD262) -> 106.56811 | AE262: =AVERAGE(ENTRADA!AE$258:AE262) -> 99.02764 | AF262: =AVERAGE(ENTRADA!AF$258:AF262) -> 111.78523 | AG262: =AVERAGE(ENTRADA!AH$258:AH262) -> 100.34567
A263: =ENTRADA!A263 -> 44348 | B263: =AVERAGE(ENTRADA!B$258:B263) -> 94.107072 | C263: =AVERAGE(ENTRADA!C$258:C263) -> 84.472742 | D263: =AVERAGE(ENTRADA!D$258:D263) -> 95.654438 | E263: =AVERAGE(ENTRADA!E$258:E263) -> 95.64081 | F263: =AVERAGE(ENTRADA!F$258:F263) -> 81.393065 | G263: =AVERAGE(ENTRADA!G$258:G263) -> 104.48634 | H263: =AVERAGE(ENTRADA!H$258:H263) -> 105.56014 | I263: =AVERAGE(ENTRADA!I$258:I263) -> 104.45785 | ... Q263: =AVERAGE(ENTRADA!Q$258:Q263) -> 95.937518 | S263: =AVERAGE(ENTRADA!S$258:S263) -> 98.850757 | T263: =AVERAGE(ENTRADA!T$258:T263) -> 87.170553 | U263: =AVERAGE(ENTRADA!U$258:U263) -> 98.935008 | V263: =AVERAGE(ENTRADA!V$258:V263) -> 98.88404 | W263: =AVERAGE(ENTRADA!W$258:W263) -> 93.730442 | X263: =AVERAGE(ENTRADA!X$258:X263) -> 110.63545 | AA263: =AVERAGE(ENTRADA!AA$258:AA263) -> 93.228037 | AB263: =AVERAGE(ENTRADA!AB$258:AB263) -> 82.25519 | AC263: =AVERAGE(ENTRADA!AC$258:AC263) -> 99.780522 | AD263: =AVERAGE(ENTRADA!AD$258:AD263) -> 107.52679 | AE263: =AVERAGE(ENTRADA!AE$258:AE263) -> 100.06687 | AF263: =AVERAGE(ENTRADA!AF$258:AF263) -> 112.16227 | AG263: =AVERAGE(ENTRADA!AH$258:AH263) -> 100.55043
A264: =ENTRADA!A264 -> 44378 | B264: =AVERAGE(ENTRADA!B$258:B264) -> 95.628651 | C264: =AVERAGE(ENTRADA!C$258:C264) -> 85.785274 | D264: =AVERAGE(ENTRADA!D$258:D264) -> 96.345021 | E264: =AVERAGE(ENTRADA!E$258:E264) -> 96.306609 | F264: =AVERAGE(ENTRADA!F$258:F264) -> 85.877954 | G264: =AVERAGE(ENTRADA!G$258:G264) -> 105.33602 | H264: =AVERAGE(ENTRADA!H$258:H264) -> 108.26157 | I264: =AVERAGE(ENTRADA!I$258:I264) -> 104.50353 | ... Q264: =AVERAGE(ENTRADA!Q$258:Q264) -> 97.530594 | S264: =AVERAGE(ENTRADA!S$258:S264) -> 99.590321 | T264: =AVERAGE(ENTRADA!T$258:T264) -> 87.40677 | U264: =AVERAGE(ENTRADA!U$258:U264) -> 99.018143 | V264: =AVERAGE(ENTRADA!V$258:V264) -> 98.987014 | W264: =AVERAGE(ENTRADA!W$258:W264) -> 95.91798 | X264: =AVERAGE(ENTRADA!X$258:X264) -> 110.98301 | AA264: =AVERAGE(ENTRADA!AA$258:AA264) -> 93.313254 | AB264: =AVERAGE(ENTRADA!AB$258:AB264) -> 83.584324 | AC264: =AVERAGE(ENTRADA!AC$258:AC264) -> 99.667074 | AD264: =AVERAGE(ENTRADA!AD$258:AD264) -> 111.29666 | AE264: =AVERAGE(ENTRADA!AE$258:AE264) -> 100.61427 | AF264: =AVERAGE(ENTRADA!AF$258:AF264) -> 111.85812 | AG264: =AVERAGE(ENTRADA!AH$258:AH264) -> 101.08599
A265: =ENTRADA!A265 -> 44409 | B265: =AVERAGE(ENTRADA!B$258:B265) -> 95.937549 | C265: =AVERAGE(ENTRADA!C$258:C265) -> 86.012104 | D265: =AVERAGE(ENTRADA!D$258:D265) -> 96.480129 | E265: =AVERAGE(ENTRADA!E$258:E265) -> 96.409905 | F265: =AVERAGE(ENTRADA!F$258:F265) -> 87.955691 | G265: =AVERAGE(ENTRADA!G$258:G265) -> 105.3341 | H265: =AVERAGE(ENTRADA!H$258:H265) -> 109.64016 | I265: =AVERAGE(ENTRADA!I$258:I265) -> 103.91303 | ... Q265: =AVERAGE(ENTRADA!Q$258:Q265) -> 98.178749 | S265: =AVERAGE(ENTRADA!S$258:S265) -> 99.54655 | T265: =AVERAGE(ENTRADA!T$258:T265) -> 87.058234 | U265: =AVERAGE(ENTRADA!U$258:U265) -> 98.97827 | V265: =AVERAGE(ENTRADA!V$258:V265) -> 98.948588 | W265: =AVERAGE(ENTRADA!W$258:W265) -> 97.304479 | X265: =AVERAGE(ENTRADA!X$258:X265) -> 110.63704 | AA265: =AVERAGE(ENTRADA!AA$258:AA265) -> 93.399475 | AB265: =AVERAGE(ENTRADA!AB$258:AB265) -> 84.369903 | AC265: =AVERAGE(ENTRADA!AC$258:AC265) -> 99.153544 | AD265: =AVERAGE(ENTRADA!AD$258:AD265) -> 110.96015 | AE265: =AVERAGE(ENTRADA!AE$258:AE265) -> 101.1075 | AF265: =AVERAGE(ENTRADA!AF$258:AF265) -> 111.38668 | AG265: =AVERAGE(ENTRADA!AH$258:AH265) -> 101.04587
A266: =ENTRADA!A266 -> 44440 | B266: =AVERAGE(ENTRADA!B$258:B266) -> 95.727222 | C266: =AVERAGE(ENTRADA!C$258:C266) -> 85.902399 | D266: =AVERAGE(ENTRADA!D$258:D266) -> 96.231824 | E266: =AVERAGE(ENTRADA!E$258:E266) -> 96.118877 | F266: =AVERAGE(ENTRADA!F$258:F266) -> 88.576757 | G266: =AVERAGE(ENTRADA!G$258:G266) -> 104.74478 | H266: =AVERAGE(ENTRADA!H$258:H266) -> 109.49352 | I266: =AVERAGE(ENTRADA!I$258:I266) -> 103.1059 | ... Q266: =AVERAGE(ENTRADA!Q$258:Q266) -> 98.14808 | S266: =AVERAGE(ENTRADA!S$258:S266) -> 99.360587 | T266: =AVERAGE(ENTRADA!T$258:T266) -> 86.644804 | U266: =AVERAGE(ENTRADA!U$258:U266) -> 98.781361 | V266: =AVERAGE(ENTRADA!V$258:V266) -> 98.750747 | W266: =AVERAGE(ENTRADA!W$258:W266) -> 98.326999 | X266: =AVERAGE(ENTRADA!X$258:X266) -> 109.98111 | AA266: =AVERAGE(ENTRADA!AA$258:AA266) -> 93.431341 | AB266: =AVERAGE(ENTRADA!AB$258:AB266) -> 84.986248 | AC266: =AVERAGE(ENTRADA!AC$258:AC266) -> 98.495731 | AD266: =AVERAGE(ENTRADA!AD$258:AD266) -> 110.55889 | AE266: =AVERAGE(ENTRADA!AE$258:AE266) -> 101.24326 | AF266: =AVERAGE(ENTRADA!AF$258:AF266) -> 110.9557 | AG266: =AVERAGE(ENTRADA!AH$258:AH266) -> 100.8822
A267: =ENTRADA!A267 -> 44470 | B267: =AVERAGE(ENTRADA!B$258:B267) -> 96.019943 | C267: =AVERAGE(ENTRADA!C$258:C267) -> 86.013253 | D267: =AVERAGE(ENTRADA!D$258:D267) -> 96.588169 | E267: =AVERAGE(ENTRADA!E$258:E267) -> 96.471729 | F267: =AVERAGE(ENTRADA!F$258:F267) -> 90.137663 | G267: =AVERAGE(ENTRADA!G$258:G267) -> 104.04245 | H267: =AVERAGE(ENTRADA!H$258:H267) -> 109.61702 | I267: =AVERAGE(ENTRADA!I$258:I267) -> 102.04976 | ... Q267: =AVERAGE(ENTRADA!Q$258:Q267) -> 98.362916 | S267: =AVERAGE(ENTRADA!S$258:S267) -> 99.242915 | T267: =AVERAGE(ENTRADA!T$258:T267) -> 86.323655 | U267: =AVERAGE(ENTRADA!U$258:U267) -> 98.649852 | V267: =AVERAGE(ENTRADA!V$258:V267) -> 98.624325 | W267: =AVERAGE(ENTRADA!W$258:W267) -> 99.364397 | X267: =AVERAGE(ENTRADA!X$258:X267) -> 109.14019 | AA267: =AVERAGE(ENTRADA!AA$258:AA267) -> 93.45008 | AB267: =AVERAGE(ENTRADA!AB$258:AB267) -> 85.492661 | AC267: =AVERAGE(ENTRADA!AC$258:AC267) -> 98.194381 | AD267: =AVERAGE(ENTRADA!AD$258:AD267) -> 110.13187 | AE267: =AVERAGE(ENTRADA!AE$258:AE267) -> 101.01653 | AF267: =AVERAGE(ENTRADA!AF$258:AF267) -> 110.48833 | AG267: =AVERAGE(ENTRADA!AH$258:AH267) -> 100.726
A268: =ENTRADA!A268 -> 44501 | B268: =AVERAGE(ENTRADA!B$258:B268) -> 96.857417 | C268: =AVERAGE(ENTRADA!C$258:C268) -> 85.69321 | D268: =AVERAGE(ENTRADA!D$258:D268) -> 96.834523 | E268: =AVERAGE(ENTRADA!E$258:E268) -> 96.720966 | F268: =AVERAGE(ENTRADA!F$258:F268) -> 92.348922 | G268: =AVERAGE(ENTRADA!G$258:G268) -> 105.65238 | H268: =AVERAGE(ENTRADA!H$258:H268) -> 110.79236 | I268: =AVERAGE(ENTRADA!I$258:I268) -> 103.83495 | ... Q268: =AVERAGE(ENTRADA!Q$258:Q268) -> 99.088339 | S268: =AVERAGE(ENTRADA!S$258:S268) -> 99.250384 | T268: =AVERAGE(ENTRADA!T$258:T268) -> 86.063667 | U268: =AVERAGE(ENTRADA!U$258:U268) -> 98.681418 | V268: =AVERAGE(ENTRADA!V$258:V268) -> 98.622513 | W268: =AVERAGE(ENTRADA!W$258:W268) -> 100.20942 | X268: =AVERAGE(ENTRADA!X$258:X268) -> 108.29905 | AA268: =AVERAGE(ENTRADA!AA$258:AA268) -> 93.517771 | AB268: =AVERAGE(ENTRADA!AB$258:AB268) -> 86.426596 | AC268: =AVERAGE(ENTRADA!AC$258:AC268) -> 98.256327 | AD268: =AVERAGE(ENTRADA!AD$258:AD268) -> 109.94914 | AE268: =AVERAGE(ENTRADA!AE$258:AE268) -> 101.35641 | AF268: =AVERAGE(ENTRADA!AF$258:AF268) -> 110.23192 | AG268: =AVERAGE(ENTRADA!AH$258:AH268) -> 100.66896
A269: =ENTRADA!A269 -> 44531 | B269: =AVERAGE(ENTRADA!B$258:B269) -> 99.018135 | C269: =AVERAGE(ENTRADA!C$258:C269) -> 85.756285 | D269: =AVERAGE(ENTRADA!D$258:D269) -> 98.660871 | E269: =AVERAGE(ENTRADA!E$258:E269) -> 98.570009 | F269: =AVERAGE(ENTRADA!F$258:F269) -> 100.4752 | G269: =AVERAGE(ENTRADA!G$258:G269) -> 107.22753 | H269: =AVERAGE(ENTRADA!H$258:H269) -> 112.4465 | I269: =AVERAGE(ENTRADA!I$258:I269) -> 105.33476 | ... Q269: =AVERAGE(ENTRADA!Q$258:Q269) -> 100.62019 | S269: =AVERAGE(ENTRADA!S$258:S269) -> 99.121675 | T269: =AVERAGE(ENTRADA!T$258:T269) -> 85.799688 | U269: =AVERAGE(ENTRADA!U$258:U269) -> 98.704265 | V269: =AVERAGE(ENTRADA!V$258:V269) -> 98.616545 | W269: =AVERAGE(ENTRADA!W$258:W269) -> 100.77346 | X269: =AVERAGE(ENTRADA!X$258:X269) -> 107.64913 | AA269: =AVERAGE(ENTRADA!AA$258:AA269) -> 93.981552 | AB269: =AVERAGE(ENTRADA!AB$258:AB269) -> 87.060643 | AC269: =AVERAGE(ENTRADA!AC$258:AC269) -> 98.321053 | AD269: =AVERAGE(ENTRADA!AD$258:AD269) -> 109.46571 | AE269: =AVERAGE(ENTRADA!AE$258:AE269) -> 101.6688 | AF269: =AVERAGE(ENTRADA!AF$258:AF269) -> 109.83655 | AG269: =AVERAGE(ENTRADA!AH$258:AH269) -> 100.65032
A270: =ENTRADA!A270 -> 44562 | B270: =AVERAGE(ENTRADA!B$270:B270) -> 93.22962 | C270: =AVERAGE(ENTRADA!C$270:C270) -> 79.4325 | D270: =AVERAGE(ENTRADA!D$270:D270) -> 94.08817 | E270: =AVERAGE(ENTRADA!E$270:E270) -> 93.99327 | F270: =AVERAGE(ENTRADA!F$270:F270) -> 77.63343 | G270: =AVERAGE(ENTRADA!G$270:G270) -> 96.80806 | H270: =AVERAGE(ENTRADA!H$270:H270) -> 98.83367 | I270: =AVERAGE(ENTRADA!I$270:I270) -> 96.09446 | ... Q270: =AVERAGE(ENTRADA!Q$270:Q270) -> 93.19193 | S270: =AVERAGE(ENTRADA!S$270:S270) -> 97.90835 | T270: =AVERAGE(ENTRADA!T$270:T270) -> 83.09769 | U270: =AVERAGE(ENTRADA!U$270:U270) -> 97.18616 | V270: =AVERAGE(ENTRADA!V$270:V270) -> 97.54539 | W270: =AVERAGE(ENTRADA!W$270:W270) -> 96.75103 | X270: =AVERAGE(ENTRADA!X$270:X270) -> 97.43317 | AA270: =AVERAGE(ENTRADA!AA$270:AA270) -> 108.28774 | AB270: =AVERAGE(ENTRADA!AB$270:AB270) -> 68.18971 | AC270: =AVERAGE(ENTRADA!AC$270:AC270) -> 91.56488 | AD270: =AVERAGE(ENTRADA!AD$270:AD270) -> 104.4349 | AE270: =AVERAGE(ENTRADA!AE$270:AE270) -> 97.22748 | AF270: =AVERAGE(ENTRADA!AF$270:AF270) -> 103.4341 | AG270: =AVERAGE(ENTRADA!AH$270:AH270) -> 100.15888
A271: =ENTRADA!A271 -> 44593 | B271: =AVERAGE(ENTRADA!B$270:B271) -> 90.71707 | C271: =AVERAGE(ENTRADA!C$270:C271) -> 79.351795 | D271: =AVERAGE(ENTRADA!D$270:D271) -> 92.984485 | E271: =AVERAGE(ENTRADA!E$270:E271) -> 92.73085 | F271: =AVERAGE(ENTRADA!F$270:F271) -> 77.877145 | G271: =AVERAGE(ENTRADA!G$270:G271) -> 91.65171 | H271: =AVERAGE(ENTRADA!H$270:H271) -> 95.66947 | I271: =AVERAGE(ENTRADA!I$270:I271) -> 90.0022 | ... Q271: =AVERAGE(ENTRADA!Q$270:Q271) -> 91.030845 | S271: =AVERAGE(ENTRADA!S$270:S271) -> 98.66086 | T271: =AVERAGE(ENTRADA!T$270:T271) -> 85.955705 | U271: =AVERAGE(ENTRADA!U$270:U271) -> 98.77891 | V271: =AVERAGE(ENTRADA!V$270:V271) -> 98.59775 | W271: =AVERAGE(ENTRADA!W$270:W271) -> 101.51495 | X271: =AVERAGE(ENTRADA!X$270:X271) -> 98.470515 | AA271: =AVERAGE(ENTRADA!AA$270:AA271) -> 104.89061 | AB271: =AVERAGE(ENTRADA!AB$270:AB271) -> 85.8433 | AC271: =AVERAGE(ENTRADA!AC$270:AC271) -> 93.717585 | AD271: =AVERAGE(ENTRADA!AD$270:AD271) -> 105.31426 | AE271: =AVERAGE(ENTRADA!AE$270:AE271) -> 99.462925 | AF271: =AVERAGE(ENTRADA!AF$270:AF271) -> 103.91185 | AG271: =AVERAGE(ENTRADA!AH$270:AH271) -> 100.4596
A272: =ENTRADA!A272 -> 44621 | B272: =AVERAGE(ENTRADA!B$270:B272) -> 92.78604 | C272: =AVERAGE(ENTRADA!C$270:C272) -> 83.85424 | D272: =AVERAGE(ENTRADA!D$270:D272) -> 94.42241 | E272: =AVERAGE(ENTRADA!E$270:E272) -> 94.125097 | F272: =AVERAGE(ENTRADA!F$270:F272) -> 81.374573 | G272: =AVERAGE(ENTRADA!G$270:G272) -> 94.33654 | H272: =AVERAGE(ENTRADA!H$270:H272) -> 97.7396 | I272: =AVERAGE(ENTRADA!I$270:I272) -> 92.90649 | ... Q272: =AVERAGE(ENTRADA!Q$270:Q272) -> 93.91151 | S272: =AVERAGE(ENTRADA!S$270:S272) -> 99.02356 | T272: =AVERAGE(ENTRADA!T$270:T272) -> 88.12236 | U272: =AVERAGE(ENTRADA!U$270:U272) -> 99.296747 | V272: =AVERAGE(ENTRADA!V$270:V272) -> 98.95242 | W272: =AVERAGE(ENTRADA!W$270:W272) -> 103.29338 | X272: =AVERAGE(ENTRADA!X$270:X272) -> 99.184603 | AA272: =AVERAGE(ENTRADA!AA$270:AA272) -> 102.13521 | AB272: =AVERAGE(ENTRADA!AB$270:AB272) -> 93.55431 | AC272: =AVERAGE(ENTRADA!AC$270:AC272) -> 97.85268 | AD272: =AVERAGE(ENTRADA!AD$270:AD272) -> 105.13698 | AE272: =AVERAGE(ENTRADA!AE$270:AE272) -> 99.800207 | AF272: =AVERAGE(ENTRADA!AF$270:AF272) -> 104.6836 | AG272: =AVERAGE(ENTRADA!AH$270:AH272) -> 100.65573
A273: =ENTRADA!A273 -> 44652 | B273: =AVERAGE(ENTRADA!B$270:B273) -> 93.83597 | C273: =AVERAGE(ENTRADA!C$270:C273) -> 85.636475 | D273: =AVERAGE(ENTRADA!D$270:D273) -> 95.784403 | E273: =AVERAGE(ENTRADA!E$270:E273) -> 95.561665 | F273: =AVERAGE(ENTRADA!F$270:F273) -> 85.50658 | G273: =AVERAGE(ENTRADA!G$270:G273) -> 93.818548 | H273: =AVERAGE(ENTRADA!H$270:H273) -> 97.350532 | I273: =AVERAGE(ENTRADA!I$270:I273) -> 92.279015 | ... Q273: =AVERAGE(ENTRADA!Q$270:Q273) -> 94.544685 | S273: =AVERAGE(ENTRADA!S$270:S273) -> 99.421595 | T273: =AVERAGE(ENTRADA!T$270:T273) -> 89.616505 | U273: =AVERAGE(ENTRADA!U$270:U273) -> 99.16089 | V273: =AVERAGE(ENTRADA!V$270:V273) -> 98.661088 | W273: =AVERAGE(ENTRADA!W$270:W273) -> 104.54118 | X273: =AVERAGE(ENTRADA!X$270:X273) -> 100.51973 | AA273: =AVERAGE(ENTRADA!AA$270:AA273) -> 101.11936 | AB273: =AVERAGE(ENTRADA!AB$270:AB273) -> 95.550888 | AC273: =AVERAGE(ENTRADA!AC$270:AC273) -> 98.634807 | AD273: =AVERAGE(ENTRADA!AD$270:AD273) -> 105.65443 | AE273: =AVERAGE(ENTRADA!AE$270:AE273) -> 100.60843 | AF273: =AVERAGE(ENTRADA!AF$270:AF273) -> 104.38415 | AG273: =AVERAGE(ENTRADA!AH$270:AH273) -> 100.76927
A274: =ENTRADA!A274 -> 44682 | B274: =AVERAGE(ENTRADA!B$270:B274) -> 95.187294 | C274: =AVERAGE(ENTRADA!C$270:C274) -> 87.625776 | D274: =AVERAGE(ENTRADA!D$270:D274) -> 96.104312 | E274: =AVERAGE(ENTRADA!E$270:E274) -> 95.880958 | F274: =AVERAGE(ENTRADA!F$270:F274) -> 92.834936 | G274: =AVERAGE(ENTRADA!G$270:G274) -> 95.47491 | H274: =AVERAGE(ENTRADA!H$270:H274) -> 99.270634 | I274: =AVERAGE(ENTRADA!I$270:I274) -> 93.78779 | ... Q274: =AVERAGE(ENTRADA!Q$270:Q274) -> 95.96435 | S274: =AVERAGE(ENTRADA!S$270:S274) -> 100.15895 | T274: =AVERAGE(ENTRADA!T$270:T274) -> 90.725838 | U274: =AVERAGE(ENTRADA!U$270:U274) -> 99.322008 | V274: =AVERAGE(ENTRADA!V$270:V274) -> 98.953324 | W274: =AVERAGE(ENTRADA!W$270:W274) -> 107.16755 | X274: =AVERAGE(ENTRADA!X$270:X274) -> 100.49893 | AA274: =AVERAGE(ENTRADA!AA$270:AA274) -> 100.95457 | AB274: =AVERAGE(ENTRADA!AB$270:AB274) -> 97.682568 | AC274: =AVERAGE(ENTRADA!AC$270:AC274) -> 99.746878 | AD274: =AVERAGE(ENTRADA!AD$270:AD274) -> 105.04681 | AE274: =AVERAGE(ENTRADA!AE$270:AE274) -> 101.14653 | AF274: =AVERAGE(ENTRADA!AF$270:AF274) -> 103.89108 | AG274: =AVERAGE(ENTRADA!AH$270:AH274) -> 101.17664
A275: =ENTRADA!A275 -> 44713 | B275: =AVERAGE(ENTRADA!B$270:B275) -> 95.466783 | C275: =AVERAGE(ENTRADA!C$270:C275) -> 88.775573 | D275: =AVERAGE(ENTRADA!D$270:D275) -> 96.164968 | E275: =AVERAGE(ENTRADA!E$270:E275) -> 95.929083 | F275: =AVERAGE(ENTRADA!F$270:F275) -> 95.419685 | G275: =AVERAGE(ENTRADA!G$270:G275) -> 94.777995 | H275: =AVERAGE(ENTRADA!H$270:H275) -> 98.33772 | I275: =AVERAGE(ENTRADA!I$270:I275) -> 93.16314 | ... Q275: =AVERAGE(ENTRADA!Q$270:Q275) -> 96.213038 | S275: =AVERAGE(ENTRADA!S$270:S275) -> 100.12765 | T275: =AVERAGE(ENTRADA!T$270:T275) -> 91.405255 | U275: =AVERAGE(ENTRADA!U$270:U275) -> 99.491752 | V275: =AVERAGE(ENTRADA!V$270:V275) -> 99.220908 | W275: =AVERAGE(ENTRADA!W$270:W275) -> 106.9338 | X275: =AVERAGE(ENTRADA!X$270:X275) -> 100.14099 | AA275: =AVERAGE(ENTRADA!AA$270:AA275) -> 100.83851 | AB275: =AVERAGE(ENTRADA!AB$270:AB275) -> 98.295075 | AC275: =AVERAGE(ENTRADA!AC$270:AC275) -> 100.52537 | AD275: =AVERAGE(ENTRADA!AD$270:AD275) -> 104.4442 | AE275: =AVERAGE(ENTRADA!AE$270:AE275) -> 100.50986 | AF275: =AVERAGE(ENTRADA!AF$270:AF275) -> 103.21082 | AG275: =AVERAGE(ENTRADA!AH$270:AH275) -> 100.74979
A276: =ENTRADA!A276 -> 44743 | B276: =AVERAGE(ENTRADA!B$270:B276) -> 95.997629 | C276: =AVERAGE(ENTRADA!C$270:C276) -> 91.806024 | D276: =AVERAGE(ENTRADA!D$270:D276) -> 96.74414 | E276: =AVERAGE(ENTRADA!E$270:E276) -> 96.555193 | F276: =AVERAGE(ENTRADA!F$270:F276) -> 95.288167 | G276: =AVERAGE(ENTRADA!G$270:G276) -> 94.7223 | H276: =AVERAGE(ENTRADA!H$270:H276) -> 99.009454 | I276: =AVERAGE(ENTRADA!I$270:I276) -> 92.780127 | ... Q276: =AVERAGE(ENTRADA!Q$270:Q276) -> 96.710856 | S276: =AVERAGE(ENTRADA!S$270:S276) -> 100.00599 | T276: =AVERAGE(ENTRADA!T$270:T276) -> 93.596613 | U276: =AVERAGE(ENTRADA!U$270:U276) -> 99.500329 | V276: =AVERAGE(ENTRADA!V$270:V276) -> 99.31851 | W276: =AVERAGE(ENTRADA!W$270:W276) -> 104.76191 | X276: =AVERAGE(ENTRADA!X$270:X276) -> 99.596649 | AA276: =AVERAGE(ENTRADA!AA$270:AA276) -> 100.57972 | AB276: =AVERAGE(ENTRADA!AB$270:AB276) -> 98.676511 | AC276: =AVERAGE(ENTRADA!AC$270:AC276) -> 100.08699 | AD276: =AVERAGE(ENTRADA!AD$270:AD276) -> 103.03536 | AE276: =AVERAGE(ENTRADA!AE$270:AE276) -> 99.775086 | AF276: =AVERAGE(ENTRADA!AF$270:AF276) -> 102.52513 | AG276: =AVERAGE(ENTRADA!AH$270:AH276) -> 100.44922
A277: =ENTRADA!A277 -> 44774 | B277: =AVERAGE(ENTRADA!B$270:B277) -> 96.4516 | C277: =AVERAGE(ENTRADA!C$270:C277) -> 94.598774 | D277: =AVERAGE(ENTRADA!D$270:D277) -> 96.999494 | E277: =AVERAGE(ENTRADA!E$270:E277) -> 96.835706 | F277: =AVERAGE(ENTRADA!F$270:F277) -> 95.490297 | G277: =AVERAGE(ENTRADA!G$270:G277) -> 94.906054 | H277: =AVERAGE(ENTRADA!H$270:H277) -> 98.600054 | I277: =AVERAGE(ENTRADA!I$270:I277) -> 93.204296 | ... Q277: =AVERAGE(ENTRADA!Q$270:Q277) -> 97.369801 | S277: =AVERAGE(ENTRADA!S$270:S277) -> 99.993925 | T277: =AVERAGE(ENTRADA!T$270:T277) -> 95.629854 | U277: =AVERAGE(ENTRADA!U$270:U277) -> 99.518693 | V277: =AVERAGE(ENTRADA!V$270:V277) -> 99.386435 | W277: =AVERAGE(ENTRADA!W$270:W277) -> 104.20867 | X277: =AVERAGE(ENTRADA!X$270:X277) -> 99.582506 | AA277: =AVERAGE(ENTRADA!AA$270:AA277) -> 100.35235 | AB277: =AVERAGE(ENTRADA!AB$270:AB277) -> 99.59861 | AC277: =AVERAGE(ENTRADA!AC$270:AC277) -> 99.816835 | AD277: =AVERAGE(ENTRADA!AD$270:AD277) -> 102.37919 | AE277: =AVERAGE(ENTRADA!AE$270:AE277) -> 99.837085 | AF277: =AVERAGE(ENTRADA!AF$270:AF277) -> 101.97247 | AG277: =AVERAGE(ENTRADA!AH$270:AH277) -> 100.21406
A278: =ENTRADA!A278 -> 44805 | B278: =AVERAGE(ENTRADA!B$270:B278) -> 96.517344 | C278: =AVERAGE(ENTRADA!C$270:C278) -> 96.813866 | D278: =AVERAGE(ENTRADA!D$270:D278) -> 97.086812 | E278: =AVERAGE(ENTRADA!E$270:E278) -> 96.933371 | F278: =AVERAGE(ENTRADA!F$270:F278) -> 94.285802 | G278: =AVERAGE(ENTRADA!G$270:G278) -> 94.792938 | H278: =AVERAGE(ENTRADA!H$270:H278) -> 97.539432 | I278: =AVERAGE(ENTRADA!I$270:I278) -> 93.515533 | ... Q278: =AVERAGE(ENTRADA!Q$270:Q278) -> 97.530627 | S278: =AVERAGE(ENTRADA!S$270:S278) -> 100.0773 | T278: =AVERAGE(ENTRADA!T$270:T278) -> 97.522724 | U278: =AVERAGE(ENTRADA!U$270:U278) -> 99.625519 | V278: =AVERAGE(ENTRADA!V$270:V278) -> 99.53402 | W278: =AVERAGE(ENTRADA!W$270:W278) -> 103.39875 | X278: =AVERAGE(ENTRADA!X$270:X278) -> 99.461551 | AA278: =AVERAGE(ENTRADA!AA$270:AA278) -> 100.23343 | AB278: =AVERAGE(ENTRADA!AB$270:AB278) -> 100.67441 | AC278: =AVERAGE(ENTRADA!AC$270:AC278) -> 99.821459 | AD278: =AVERAGE(ENTRADA!AD$270:AD278) -> 101.78011 | AE278: =AVERAGE(ENTRADA!AE$270:AE278) -> 99.945373 | AF278: =AVERAGE(ENTRADA!AF$270:AF278) -> 101.648 | AG278: =AVERAGE(ENTRADA!AH$270:AH278) -> 100.16482
A279: =ENTRADA!A279 -> 44835 | B279: =AVERAGE(ENTRADA!B$270:B279) -> 97.001567 | C279: =AVERAGE(ENTRADA!C$270:C279) -> 98.81729 | D279: =AVERAGE(ENTRADA!D$270:D279) -> 97.629336 | E279: =AVERAGE(ENTRADA!E$270:E279) -> 97.477708 | F279: =AVERAGE(ENTRADA!F$270:F279) -> 93.711278 | G279: =AVERAGE(ENTRADA!G$270:G279) -> 95.009783 | H279: =AVERAGE(ENTRADA!H$270:H279) -> 97.101741 | I279: =AVERAGE(ENTRADA!I$270:I279) -> 94.040762 | ... Q279: =AVERAGE(ENTRADA!Q$270:Q279) -> 97.842054 | S279: =AVERAGE(ENTRADA!S$270:S279) -> 100.20307 | T279: =AVERAGE(ENTRADA!T$270:T279) -> 99.085932 | U279: =AVERAGE(ENTRADA!U$270:U279) -> 99.775194 | V279: =AVERAGE(ENTRADA!V$270:V279) -> 99.701142 | W279: =AVERAGE(ENTRADA!W$270:W279) -> 102.50739 | X279: =AVERAGE(ENTRADA!X$270:X279) -> 99.622693 | AA279: =AVERAGE(ENTRADA!AA$270:AA279) -> 100.06933 | AB279: =AVERAGE(ENTRADA!AB$270:AB279) -> 100.54988 | AC279: =AVERAGE(ENTRADA!AC$270:AC279) -> 100.23138 | AD279: =AVERAGE(ENTRADA!AD$270:AD279) -> 101.44772 | AE279: =AVERAGE(ENTRADA!AE$270:AE279) -> 99.863484 | AF279: =AVERAGE(ENTRADA!AF$270:AF279) -> 100.80391 | AG279: =AVERAGE(ENTRADA!AH$270:AH279) -> 100.19635
A280: =ENTRADA!A280 -> 44866 | B280: =AVERAGE(ENTRADA!B$270:B280) -> 97.880237 | C280: =AVERAGE(ENTRADA!C280:C$282) -> 103.99903 | D280: =AVERAGE(ENTRADA!D280:D$282) -> 106.66911 | E280: =AVERAGE(ENTRADA!E280:E$282) -> 107.26905 | F280: =AVERAGE(ENTRADA!F280:F$282) -> 114.12684 | G280: =AVERAGE(ENTRADA!G280:G$282) -> 117.03525 | H280: =AVERAGE(ENTRADA!H280:H$282) -> 108.72378 | I280: =AVERAGE(ENTRADA!I280:I$282) -> 121.20735 | J280: =AVERAGE(ENTRADA!J280:J$282) -> 103.60083 | ... Q280: =AVERAGE(ENTRADA!Q280:Q$282) -> 105.083 | S280: =AVERAGE(ENTRADA!S$270:S280) -> 100.2513 | T280: =AVERAGE(ENTRADA!T$270:T280) -> 99.74633 | U280: =AVERAGE(ENTRADA!U$270:U280) -> 99.89564 | V280: =AVERAGE(ENTRADA!V$270:V280) -> 99.847318 | W280: =AVERAGE(ENTRADA!W$270:W280) -> 101.42381 | X280: =AVERAGE(ENTRADA!X$270:X280) -> 99.820776 | AA280: =AVERAGE(ENTRADA!AA$270:AA280) -> 100.06915 | AB280: =AVERAGE(ENTRADA!AB$270:AB280) -> 100.18929 | AC280: =AVERAGE(ENTRADA!AC$270:AC280) -> 99.970467 | AD280: =AVERAGE(ENTRADA!AD$270:AD280) -> 100.97085 | AE280: =AVERAGE(ENTRADA!AE$270:AE280) -> 99.749737 | AF280: =AVERAGE(ENTRADA!AF$270:AF280) -> 100.49081 | AG280: =AVERAGE(ENTRADA!AH$270:AH280) -> 100.09499
A281: =ENTRADA!A281 -> 44896 | B281: =AVERAGE(ENTRADA!B$258:B281) -> 99.509068 | C281: =AVERAGE(ENTRADA!C281:C$282) -> 103.59727 | D281: =AVERAGE(ENTRADA!D281:D$282) -> 108.98131 | E281: =AVERAGE(ENTRADA!E281:E$282) -> 109.66619 | F281: =AVERAGE(ENTRADA!F281:F$282) -> 123.35788 | G281: =AVERAGE(ENTRADA!G281:G$282) -> 113.07219 | H281: =AVERAGE(ENTRADA!H281:H$282) -> 107.45769 | I281: =AVERAGE(ENTRADA!I281:I$282) -> 116.24553 | J281: =AVERAGE(ENTRADA!J281:J$282) -> 103.66781 | ... Q281: =AVERAGE(ENTRADA!Q281:Q$282) -> 105.20349 | S281: =AVERAGE(ENTRADA!S$270:S281) -> 100.07224 | T281: =AVERAGE(ENTRADA!T$270:T281) -> 100.0369 | U281: =AVERAGE(ENTRADA!U$270:U281) -> 99.928539 | V281: =AVERAGE(ENTRADA!V$270:V281) -> 99.912013 | W281: =AVERAGE(ENTRADA!W$270:W281) -> 100.31282 | X281: =AVERAGE(ENTRADA!X$270:X281) -> 99.955751 | AA281: =AVERAGE(ENTRADA!AA$270:AA281) -> 100.10048 | AB281: =AVERAGE(ENTRADA!AB$270:AB281) -> 100.04232 | AC281: =AVERAGE(ENTRADA!AC$270:AC281) -> 99.953575 | AD281: =AVERAGE(ENTRADA!AD$270:AD281) -> 100.60169 | AE281: =AVERAGE(ENTRADA!AE$270:AE281) -> 100.00411 | AF281: =AVERAGE(ENTRADA!AF$270:AF281) -> 100.33877 | AG281: =AVERAGE(ENTRADA!AH$270:AH281) -> 100.14262
A282: =ENTRADA!A282 -> 44927 | B282: =AVERAGE(ENTRADA!B$282:B282) -> 95.76611 | C282: =AVERAGE(ENTRADA!C$282:C282) -> 100.17 | D282: =AVERAGE(ENTRADA!D$282:D282) -> 96.3007 | E282: =AVERAGE(ENTRADA!E$282:E282) -> 96.58423 | F282: =AVERAGE(ENTRADA!F$282:F282) -> 79.49329 | G282: =AVERAGE(ENTRADA!G$282:G282) -> 101.20356 | H282: =AVERAGE(ENTRADA!H$282:H282) -> 97.18873 | I282: =AVERAGE(ENTRADA!I$282:I282) -> 104.02965 | ... Q282: =AVERAGE(ENTRADA!Q$282:Q282) -> 93.66955 | S282: =AVERAGE(ENTRADA!S$282:S282) -> 101.63789 | T282: =AVERAGE(ENTRADA!T$282:T282) -> 104.22419 | U282: =AVERAGE(ENTRADA!U$282:U282) -> 101.47509 | V282: =AVERAGE(ENTRADA!V$282:V282) -> 102.22793 | W282: =AVERAGE(ENTRADA!W$282:W282) -> 97.28011 | X282: =AVERAGE(ENTRADA!X$282:X282) -> 102.40072 | AA282: =AVERAGE(ENTRADA!AA$282:AA282) -> 100.35494 | AB282: =AVERAGE(ENTRADA!AB$282:AB282) -> 100.12888 | AC282: =AVERAGE(ENTRADA!AC$282:AC282) -> 102.6049 | AD282: =AVERAGE(ENTRADA!AD$282:AD282) -> 95.76532 | AE282: =AVERAGE(ENTRADA!AE$282:AE282) -> 102.41856 | AF282: =AVERAGE(ENTRADA!AF$282:AF282) -> 101.82519 | AG282: =AVERAGE(ENTRADA!AH$282:AH282) -> 100.19229
A283: =ENTRADA!A283 -> 44958 | B283: =AVERAGE(ENTRADA!B$282:B283) -> 92.52058 | C283: =AVERAGE(ENTRADA!C$282:C283) -> 97.442185 | D283: =AVERAGE(ENTRADA!D$282:D283) -> 94.51603 | E283: =AVERAGE(ENTRADA!E$282:E283) -> 94.802725 | F283: =AVERAGE(ENTRADA!F$282:F283) -> 75.323375 | G283: =AVERAGE(ENTRADA!G$282:G283) -> 94.461585 | H283: =AVERAGE(ENTRADA!H$282:H283) -> 90.352955 | I283: =AVERAGE(ENTRADA!I$282:I283) -> 97.26199 | ... Q283: =AVERAGE(ENTRADA!Q$282:Q283) -> 90.784975 | S283: =AVERAGE(ENTRADA!S$282:S283) -> 101.39131 | T283: =AVERAGE(ENTRADA!T$282:T283) -> 104.59071 | U283: =AVERAGE(ENTRADA!U$282:U283) -> 101.41745 | V283: =AVERAGE(ENTRADA!V$282:V283) -> 101.86772 | W283: =AVERAGE(ENTRADA!W$282:W283) -> 97.96783 | X283: =AVERAGE(ENTRADA!X$282:X283) -> 102.21267 | AA283: =AVERAGE(ENTRADA!AA$282:AA283) -> 101.15535 | AB283: =AVERAGE(ENTRADA!AB$282:AB283) -> 99.29273 | AC283: =AVERAGE(ENTRADA!AC$282:AC283) -> 99.01735 | AD283: =AVERAGE(ENTRADA!AD$282:AD283) -> 93.8741 | AE283: =AVERAGE(ENTRADA!AE$282:AE283) -> 102.46825 | AF283: =AVERAGE(ENTRADA!AF$282:AF283) -> 100.70859 | AG283: =AVERAGE(ENTRADA!AH$282:AH283) -> 100.33442
A284: =ENTRADA!A284 -> 44986 | B284: =AVERAGE(ENTRADA!B$282:B284) -> 95.10628 | C284: =AVERAGE(ENTRADA!C$282:C284) -> 100.33971 | D284: =AVERAGE(ENTRADA!D$282:D284) -> 96.886757 | E284: =AVERAGE(ENTRADA!E$282:E284) -> 97.109627 | F284: =AVERAGE(ENTRADA!F$282:F284) -> 77.511697 | G284: =AVERAGE(ENTRADA!G$282:G284) -> 97.75101 | H284: =AVERAGE(ENTRADA!H$282:H284) -> 91.953503 | I284: =AVERAGE(ENTRADA!I$282:I284) -> 101.23126 | ... Q284: =AVERAGE(ENTRADA!Q$282:Q284) -> 96.183057 | S284: =AVERAGE(ENTRADA!S$282:S284) -> 101.55729 | T284: =AVERAGE(ENTRADA!T$282:T284) -> 104.74954 | U284: =AVERAGE(ENTRADA!U$282:U284) -> 101.47882 | V284: =AVERAGE(ENTRADA!V$282:V284) -> 102.45285 | W284: =AVERAGE(ENTRADA!W$282:W284) -> 98.066993 | X284: =AVERAGE(ENTRADA!X$282:X284) -> 102.6974 | AA284: =AVERAGE(ENTRADA!AA$282:AA284) -> 101.53047 | AB284: =AVERAGE(ENTRADA!AB$282:AB284) -> 98.307217 | AC284: =AVERAGE(ENTRADA!AC$282:AC284) -> 102.46798 | AD284: =AVERAGE(ENTRADA!AD$282:AD284) -> 92.596207 | AE284: =AVERAGE(ENTRADA!AE$282:AE284) -> 104.18516 | AF284: =AVERAGE(ENTRADA!AF$282:AF284) -> 100.2905 | AG284: =AVERAGE(ENTRADA!AH$282:AH284) -> 102.36042
A285: =ENTRADA!A285 -> 45017 | B285: =AVERAGE(ENTRADA!B$282:B285) -> 95.714598 | C285: =AVERAGE(ENTRADA!C$282:C285) -> 99.88141 | D285: =AVERAGE(ENTRADA!D$282:D285) -> 98.464232 | E285: =AVERAGE(ENTRADA!E$282:E285) -> 98.819075 | F285: =AVERAGE(ENTRADA!F$282:F285) -> 79.863123 | G285: =AVERAGE(ENTRADA!G$282:G285) -> 95.8539 | H285: =AVERAGE(ENTRADA!H$282:H285) -> 90.511403 | I285: =AVERAGE(ENTRADA!I$282:I285) -> 99.180827 | ... Q285: =AVERAGE(ENTRADA!Q$282:Q285) -> 96.326605 | S285: =AVERAGE(ENTRADA!S$282:S285) -> 101.58168 | T285: =AVERAGE(ENTRADA!T$282:T285) -> 104.12142 | U285: =AVERAGE(ENTRADA!U$282:U285) -> 102.32418 | V285: =AVERAGE(ENTRADA!V$282:V285) -> 102.49191 | W285: =AVERAGE(ENTRADA!W$282:W285) -> 97.947567 | X285: =AVERAGE(ENTRADA!X$282:X285) -> 102.47149 | AA285: =AVERAGE(ENTRADA!AA$282:AA285) -> 101.89633 | AB285: =AVERAGE(ENTRADA!AB$282:AB285) -> 98.101982 | AC285: =AVERAGE(ENTRADA!AC$282:AC285) -> 100.53203 | AD285: =AVERAGE(ENTRADA!AD$282:AD285) -> 91.57265 | AE285: =AVERAGE(ENTRADA!AE$282:AE285) -> 103.35778 | AF285: =AVERAGE(ENTRADA!AF$282:AF285) -> 99.643975 | AG285: =AVERAGE(ENTRADA!AH$282:AH285) -> 102.65672
A286: =ENTRADA!A286 -> 45047 | B286: =AVERAGE(ENTRADA!B$282:B286) -> 96.486144 | C286: =AVERAGE(ENTRADA!C$282:C286) -> 101.08587 | D286: =AVERAGE(ENTRADA!D$282:D286) -> 98.507702 | E286: =AVERAGE(ENTRADA!E$282:E286) -> 98.761314 | F286: =AVERAGE(ENTRADA!F$282:F286) -> 83.876578 | G286: =AVERAGE(ENTRADA!G$282:G286) -> 97.371792 | H286: =AVERAGE(ENTRADA!H$282:H286) -> 91.669252 | I286: =AVERAGE(ENTRADA!I$282:I286) -> 100.90635 | ... Q286: =AVERAGE(ENTRADA!Q$282:Q286) -> 97.41311 | S286: =AVERAGE(ENTRADA!S$282:S286) -> 101.39321 | T286: =AVERAGE(ENTRADA!T$282:T286) -> 104.23831 | U286: =AVERAGE(ENTRADA!U$282:U286) -> 101.98203 | V286: =AVERAGE(ENTRADA!V$282:V286) -> 102.13685 | W286: =AVERAGE(ENTRADA!W$282:W286) -> 97.342832 | X286: =AVERAGE(ENTRADA!X$282:X286) -> 102.32776 | AA286: =AVERAGE(ENTRADA!AA$282:AA286) -> 102.67448 | AB286: =AVERAGE(ENTRADA!AB$282:AB286) -> 98.132124 | AC286: =AVERAGE(ENTRADA!AC$282:AC286) -> 100.32311 | AD286: =AVERAGE(ENTRADA!AD$282:AD286) -> 90.286192 | AE286: =AVERAGE(ENTRADA!AE$282:AE286) -> 103.75038 | AF286: =AVERAGE(ENTRADA!AF$282:AF286) -> 99.316984 | AG286: =AVERAGE(ENTRADA!AH$282:AH286) -> 102.30775
A287: =ENTRADA!A287 -> 45078 | B287: =AVERAGE(ENTRADA!B$282:B287) -> 96.782797 | C287: =AVERAGE(ENTRADA!C$282:C287) -> 101.4364 | D287: =AVERAGE(ENTRADA!D$282:D287) -> 98.683462 | E287: =AVERAGE(ENTRADA!E$282:E287) -> 98.872277 | F287: =AVERAGE(ENTRADA!F$282:F287) -> 86.816562 | G287: =AVERAGE(ENTRADA!G$282:G287) -> 96.891792 | H287: =AVERAGE(ENTRADA!H$282:H287) -> 91.18156 | I287: =AVERAGE(ENTRADA!I$282:I287) -> 100.49143 | ... Q287: =AVERAGE(ENTRADA!Q$282:Q287) -> 98.167688 | S287: =AVERAGE(ENTRADA!S$282:S287) -> 101.42252 | T287: =AVERAGE(ENTRADA!T$282:T287) -> 104.10553 | U287: =AVERAGE(ENTRADA!U$282:U287) -> 102.22115 | V287: =AVERAGE(ENTRADA!V$282:V287) -> 102.38081 | W287: =AVERAGE(ENTRADA!W$282:W287) -> 97.481668 | X287: =AVERAGE(ENTRADA!X$282:X287) -> 102.14279 | AA287: =AVERAGE(ENTRADA!AA$282:AA287) -> 102.97791 | AB287: =AVERAGE(ENTRADA!AB$282:AB287) -> 98.114102 | AC287: =AVERAGE(ENTRADA!AC$282:AC287) -> 99.551328 | AD287: =AVERAGE(ENTRADA!AD$282:AD287) -> 89.712043 | AE287: =AVERAGE(ENTRADA!AE$282:AE287) -> 105.56077 | AF287: =AVERAGE(ENTRADA!AF$282:AF287) -> 98.885912 | AG287: =AVERAGE(ENTRADA!AH$282:AH287) -> 102.28358
A288: =ENTRADA!A288 -> 45108 | B288: =AVERAGE(ENTRADA!B$282:B288) -> 97.481004 | C288: =AVERAGE(ENTRADA!C$282:C288) -> 102.29619 | D288: =AVERAGE(ENTRADA!D$282:D288) -> 99.324479 | E288: =AVERAGE(ENTRADA!E$282:E288) -> 99.51205 | F288: =AVERAGE(ENTRADA!F$282:F288) -> 88.095437 | G288: =AVERAGE(ENTRADA!G$282:G288) -> 97.116226 | H288: =AVERAGE(ENTRADA!H$282:H288) -> 91.840721 | I288: =AVERAGE(ENTRADA!I$282:I288) -> 100.63421 | ... Q288: =AVERAGE(ENTRADA!Q$282:Q288) -> 98.720399 | S288: =AVERAGE(ENTRADA!S$282:S288) -> 101.51847 | T288: =AVERAGE(ENTRADA!T$282:T288) -> 104.13343 | U288: =AVERAGE(ENTRADA!U$282:U288) -> 102.40326 | V288: =AVERAGE(ENTRADA!V$282:V288) -> 102.60408 | W288: =AVERAGE(ENTRADA!W$282:W288) -> 96.917484 | X288: =AVERAGE(ENTRADA!X$282:X288) -> 101.90051 | AA288: =AVERAGE(ENTRADA!AA$282:AA288) -> 103.35117 | AB288: =AVERAGE(ENTRADA!AB$282:AB288) -> 97.569543 | AC288: =AVERAGE(ENTRADA!AC$282:AC288) -> 100.09417 | AD288: =AVERAGE(ENTRADA!AD$282:AD288) -> 89.632 | AE288: =AVERAGE(ENTRADA!AE$282:AE288) -> 105.52496 | AF288: =AVERAGE(ENTRADA!AF$282:AF288) -> 98.716301 | AG288: =AVERAGE(ENTRADA!AH$282:AH288) -> 102.17752
A289: =ENTRADA!A289 -> 45139 | B289: =AVERAGE(ENTRADA!B$282:B289) -> 98.061431 | C289: =AVERAGE(ENTRADA!C$282:C289) -> 103.29281 | D289: =AVERAGE(ENTRADA!D$282:D289) -> 99.969714 | E289: =AVERAGE(ENTRADA!E$282:E289) -> 100.1625 | F289: =AVERAGE(ENTRADA!F$282:F289) -> 88.355456 | G289: =AVERAGE(ENTRADA!G$282:G289) -> 96.964832 | H289: =AVERAGE(ENTRADA!H$282:H289) -> 91.41583 | I289: =AVERAGE(ENTRADA!I$282:I289) -> 100.61636 | ... Q289: =AVERAGE(ENTRADA!Q$282:Q289) -> 99.574035 | S289: =AVERAGE(ENTRADA!S$282:S289) -> 101.6283 | T289: =AVERAGE(ENTRADA!T$282:T289) -> 104.25528 | U289: =AVERAGE(ENTRADA!U$282:U289) -> 102.69073 | V289: =AVERAGE(ENTRADA!V$282:V289) -> 102.92347 | W289: =AVERAGE(ENTRADA!W$282:W289) -> 96.458179 | X289: =AVERAGE(ENTRADA!X$282:X289) -> 101.63404 | AA289: =AVERAGE(ENTRADA!AA$282:AA289) -> 103.59607 | AB289: =AVERAGE(ENTRADA!AB$282:AB289) -> 96.910139 | AC289: =AVERAGE(ENTRADA!AC$282:AC289) -> 100.6146 | AD289: =AVERAGE(ENTRADA!AD$282:AD289) -> 89.732525 | AE289: =AVERAGE(ENTRADA!AE$282:AE289) -> 106.24509 | AF289: =AVERAGE(ENTRADA!AF$282:AF289) -> 98.631912 | AG289: =AVERAGE(ENTRADA!AH$282:AH289) -> 102.22307
A290: =ENTRADA!A290 -> 45170 | B290: =AVERAGE(ENTRADA!B$282:B290) -> 98.29857 | C290: =AVERAGE(ENTRADA!C$282:C290) -> 103.45429 | D290: =AVERAGE(ENTRADA!D$282:D290) -> 100.50164 | E290: =AVERAGE(ENTRADA!E$282:E290) -> 100.73975 | F290: =AVERAGE(ENTRADA!F$282:F290) -> 87.692163 | G290: =AVERAGE(ENTRADA!G$282:G290) -> 96.916698 | H290: =AVERAGE(ENTRADA!H$282:H290) -> 91.108596 | I290: =AVERAGE(ENTRADA!I$282:I290) -> 100.6923 | ... Q290: =AVERAGE(ENTRADA!Q$282:Q290) -> 99.775647 | S290: =AVERAGE(ENTRADA!S$282:S290) -> 101.78039 | T290: =AVERAGE(ENTRADA!T$282:T290) -> 104.14371 | U290: =AVERAGE(ENTRADA!U$282:U290) -> 103.067 | V290: =AVERAGE(ENTRADA!V$282:V290) -> 103.35936 | W290: =AVERAGE(ENTRADA!W$282:W290) -> 96.249109 | X290: =AVERAGE(ENTRADA!X$282:X290) -> 101.63122 | AA290: =AVERAGE(ENTRADA!AA$282:AA290) -> 103.8853 | AB290: =AVERAGE(ENTRADA!AB$282:AB290) -> 96.418991 | AC290: =AVERAGE(ENTRADA!AC$282:AC290) -> 100.94919 | AD290: =AVERAGE(ENTRADA!AD$282:AD290) -> 89.66432 | AE290: =AVERAGE(ENTRADA!AE$282:AE290) -> 106.64175 | AF290: =AVERAGE(ENTRADA!AF$282:AF290) -> 98.346577 | AG290: =AVERAGE(ENTRADA!AH$282:AH290) -> 102.27514
A291: =ENTRADA!A291 -> 45200 | B291: =AVERAGE(ENTRADA!B$282:B291) -> 98.630217 | C291: =AVERAGE(ENTRADA!C$282:C291) -> 103.70285 | D291: =AVERAGE(ENTRADA!D$282:D291) -> 100.89804 | E291: =AVERAGE(ENTRADA!E$282:E291) -> 101.15066 | F291: =AVERAGE(ENTRADA!F$282:F291) -> 87.511206 | G291: =AVERAGE(ENTRADA!G$282:G291) -> 96.969594 | H291: =AVERAGE(ENTRADA!H$282:H291) -> 90.877777 | I291: =AVERAGE(ENTRADA!I$282:I291) -> 100.87235 | ... Q291: =AVERAGE(ENTRADA!Q$282:Q291) -> 100.10608 | S291: =AVERAGE(ENTRADA!S$282:S291) -> 101.88722 | T291: =AVERAGE(ENTRADA!T$282:T291) -> 103.99771 | U291: =AVERAGE(ENTRADA!U$282:U291) -> 103.28256 | V291: =AVERAGE(ENTRADA!V$282:V291) -> 103.60932 | W291: =AVERAGE(ENTRADA!W$282:W291) -> 95.958892 | X291: =AVERAGE(ENTRADA!X$282:X291) -> 101.64128 | AA291: =AVERAGE(ENTRADA!AA$282:AA291) -> 104.25848 | AB291: =AVERAGE(ENTRADA!AB$282:AB291) -> 96.21123 | AC291: =AVERAGE(ENTRADA!AC$282:AC291) -> 100.61133 | AD291: =AVERAGE(ENTRADA!AD$282:AD291) -> 89.657666 | AE291: =AVERAGE(ENTRADA!AE$282:AE291) -> 106.97319 | AF291: =AVERAGE(ENTRADA!AF$282:AF291) -> 98.334556 | AG291: =AVERAGE(ENTRADA!AH$282:AH291) -> 102.29829
A292: =ENTRADA!A292 -> 45231 | B292: =AVERAGE(ENTRADA!B$282:B292) -> 99.611435 | C292: =AVERAGE(ENTRADA!C$282:C292) -> 103.61664 | D292: =AVERAGE(ENTRADA!D$282:D292) -> 101.46429 | E292: =AVERAGE(ENTRADA!E$282:E292) -> 101.75107 | F292: =AVERAGE(ENTRADA!F$282:F292) -> 88.755405 | G292: =AVERAGE(ENTRADA!G$282:G292) -> 100.26439 | H292: =AVERAGE(ENTRADA!H$282:H292) -> 93.067546 | I292: =AVERAGE(ENTRADA!I$282:I292) -> 104.64464 | ... Q292: =AVERAGE(ENTRADA!Q$282:Q292) -> 100.93162 | S292: =AVERAGE(ENTRADA!S$282:S292) -> 102.01298 | T292: =AVERAGE(ENTRADA!T$282:T292) -> 103.9635 | U292: =AVERAGE(ENTRADA!U$282:U292) -> 103.47968 | V292: =AVERAGE(ENTRADA!V$282:V292) -> 103.82964 | W292: =AVERAGE(ENTRADA!W$282:W292) -> 95.959151 | X292: =AVERAGE(ENTRADA!X$282:X292) -> 102.20305 | AA292: =AVERAGE(ENTRADA!AA$282:AA292) -> 104.53858 | AB292: =AVERAGE(ENTRADA!AB$282:AB292) -> 95.89907 | AC292: =AVERAGE(ENTRADA!AC$282:AC292) -> 101.86772 | AD292: =AVERAGE(ENTRADA!AD$282:AD292) -> 89.781738 | AE292: =AVERAGE(ENTRADA!AE$282:AE292) -> 107.72427 | AF292: =AVERAGE(ENTRADA!AF$282:AF292) -> 98.350868 | AG292: =AVERAGE(ENTRADA!AH$282:AH292) -> 102.43795
...

Sheet YTD
B1: VOLUME DE VENDAS NO VAREJO - BRASIL (Base: MÉDIA 2011=100)
B3: DADOS ORIGINAIS
A4: Período | B4: Comércio Varejista | C4: 1. Combustiveis e Lubrificantes | D4: 2. Hipermercados, supermercados, prod. alimenticios, bebidas e fumo | F4: 3. Tecidos, vestuario e calçados | G4: 4. Móveis e Eletrodomésticos | H4: Móveis | I4: Eletrodomésticos | J4: 5. Demais artigos de uso pessoal e doméstico | N4: 6. Veículos, motos, partes e peças | O4: 7. Material de Construção | P4: 8. Atacado especializado em produtos alimenticios, bebidas e fumo | Q4: Comércio Varejista Ampliado
D5: Total | E5: 2.1 Supermercados e Hipermercados | J5: Artigos farmaceuticos, médicos, ortopédicos, de perfumaria e cosméticos | K5: Livros Jornais, revistas e papelaria | L5: Equipamentos e materiais para escritório, informática e comunicação | M5: Outros artigos de uso pessoal e domésticos
A6: =ENTRADA!A6 -> 36526
A7: =ENTRADA!A7 -> 36557
A8: =ENTRADA!A8 -> 36586
A9: =ENTRADA!A9 -> 36617
A10: =ENTRADA!A10 -> 36647
A11: =ENTRADA!A11 -> 36678
A12: =ENTRADA!A12 -> 36708
A13: =ENTRADA!A13 -> 36739
A14: =ENTRADA!A14 -> 36770
A15: =ENTRADA!A15 -> 36800
A16: =ENTRADA!A16 -> 36831
A17: =ENTRADA!A17 -> 36861
... A209: =ENTRADA!A209 -> 42705
A210: =ENTRADA!A210 -> 42736 | B210: =media_ano!B210/media_ano!B198-1 -> #DIV/0! | C210: =media_ano!C210/media_ano!C198-1 -> #DIV/0! | D210: =media_ano!D210/media_ano!D198-1 -> #DIV/0! | E210: =media_ano!E210/media_ano!E198-1 -> #DIV/0! | F210: =media_ano!F210/media_ano!F198-1 -> #DIV/0! | G210: =media_ano!G210/media_ano!G198-1 -> #DIV/0! | H210: =media_ano!H210/media_ano!H198-1 -> #DIV/0! | I210: =media_ano!I210/media_ano!I198-1 -> #DIV/0! | ... Q210: =media_ano!Q210/media_ano!Q198-1 -> #DIV/0!
A211: =ENTRADA!A211 -> 42767 | B211: =media_ano!B211/media_ano!B199-1 -> #DIV/0! | C211: =media_ano!C211/media_ano!C199-1 -> #DIV/0! | D211: =media_ano!D211/media_ano!D199-1 -> #DIV/0! | E211: =media_ano!E211/media_ano!E199-1 -> #DIV/0! | F211: =media_ano!F211/media_ano!F199-1 -> #DIV/0! | G211: =media_ano!G211/media_ano!G199-1 -> #DIV/0! | H211: =media_ano!H211/media_ano!H199-1 -> #DIV/0! | I211: =media_ano!I211/media_ano!I199-1 -> #DIV/0! | ... Q211: =media_ano!Q211/media_ano!Q199-1 -> #DIV/0!
A212: =ENTRADA!A212 -> 42795 | B212: =media_ano!B212/media_ano!B200-1 -> #DIV/0! | C212: =media_ano!C212/media_ano!C200-1 -> #DIV/0! | D212: =media_ano!D212/media_ano!D200-1 -> #DIV/0! | E212: =media_ano!E212/media_ano!E200-1 -> #DIV/0! | F212: =media_ano!F212/media_ano!F200-1 -> #DIV/0! | G212: =media_ano!G212/media_ano!G200-1 -> #DIV/0! | H212: =media_ano!H212/media_ano!H200-1 -> #DIV/0! | I212: =media_ano!I212/media_ano!I200-1 -> #DIV/0! | ... Q212: =media_ano!Q212/media_ano!Q200-1 -> #DIV/0!
A213: =ENTRADA!A213 -> 42826 | B213: =media_ano!B213/media_ano!B201-1 -> #DIV/0! | C213: =media_ano!C213/media_ano!C201-1 -> #DIV/0! | D213: =media_ano!D213/media_ano!D201-1 -> #DIV/0! | E213: =media_ano!E213/media_ano!E201-1 -> #DIV/0! | F213: =media_ano!F213/media_ano!F201-1 -> #DIV/0! | G213: =media_ano!G213/media_ano!G201-1 -> #DIV/0! | H213: =media_ano!H213/media_ano!H201-1 -> #DIV/0! | I213: =media_ano!I213/media_ano!I201-1 -> #DIV/0! | ... Q213: =media_ano!Q213/media_ano!Q201-1 -> #DIV/0!
A214: =ENTRADA!A214 -> 42856 | B214: =media_ano!B214/media_ano!B202-1 -> #DIV/0! | C214: =media_ano!C214/media_ano!C202-1 -> #DIV/0! | D214: =media_ano!D214/media_ano!D202-1 -> #DIV/0! | E214: =media_ano!E214/media_ano!E202-1 -> #DIV/0! | F214: =media_ano!F214/media_ano!F202-1 -> #DIV/0! | G214: =media_ano!G214/media_ano!G202-1 -> #DIV/0! | H214: =media_ano!H214/media_ano!H202-1 -> #DIV/0! | I214: =media_ano!I214/media_ano!I202-1 -> #DIV/0! | ... Q214: =media_ano!Q214/media_ano!Q202-1 -> #DIV/0!
A215: =ENTRADA!A215 -> 42887 | B215: =media_ano!B215/media_ano!B203-1 -> #DIV/0! | C215: =media_ano!C215/media_ano!C203-1 -> #DIV/0! | D215: =media_ano!D215/media_ano!D203-1 -> #DIV/0! | E215: =media_ano!E215/media_ano!E203-1 -> #DIV/0! | F215: =media_ano!F215/media_ano!F203-1 -> #DIV/0! | G215: =media_ano!G215/media_ano!G203-1 -> #DIV/0! | H215: =media_ano!H215/media_ano!H203-1 -> #DIV/0! | I215: =media_ano!I215/media_ano!I203-1 -> #DIV/0! | ... Q215: =media_ano!Q215/media_ano!Q203-1 -> #DIV/0!
A216: =ENTRADA!A216 -> 42917 | B216: =media_ano!B216/media_ano!B204-1 -> #DIV/0! | C216: =media_ano!C216/media_ano!C204-1 -> #DIV/0! | D216: =media_ano!D216/media_ano!D204-1 -> #DIV/0! | E216: =media_ano!E216/media_ano!E204-1 -> #DIV/0! | F216: =media_ano!F216/media_ano!F204-1 -> #DIV/0! | G216: =media_ano!G216/media_ano!G204-1 -> #DIV/0! | H216: =media_ano!H216/media_ano!H204-1 -> #DIV/0! | I216: =media_ano!I216/media_ano!I204-1 -> #DIV/0! | ... Q216: =media_ano!Q216/media_ano!Q204-1 -> #DIV/0!
A217: =ENTRADA!A217 -> 42948 | B217: =media_ano!B217/media_ano!B205-1 -> #DIV/0! | C217: =media_ano!C217/media_ano!C205-1 -> #DIV/0! | D217: =media_ano!D217/media_ano!D205-1 -> #DIV/0! | E217: =media_ano!E217/media_ano!E205-1 -> #DIV/0! | F217: =media_ano!F217/media_ano!F205-1 -> #DIV/0! | G217: =media_ano!G217/media_ano!G205-1 -> #DIV/0! | H217: =media_ano!H217/media_ano!H205-1 -> #DIV/0! | I217: =media_ano!I217/media_ano!I205-1 -> #DIV/0! | ... Q217: =media_ano!Q217/media_ano!Q205-1 -> #DIV/0!
A218: =ENTRADA!A218 -> 42979 | B218: =media_ano!B218/media_ano!B206-1 -> #DIV/0! | C218: =media_ano!C218/media_ano!C206-1 -> #DIV/0! | D218: =media_ano!D218/media_ano!D206-1 -> #DIV/0! | E218: =media_ano!E218/media_ano!E206-1 -> #DIV/0! | F218: =media_ano!F218/media_ano!F206-1 -> #DIV/0! | G218: =media_ano!G218/media_ano!G206-1 -> #DIV/0! | H218: =media_ano!H218/media_ano!H206-1 -> #DIV/0! | I218: =media_ano!I218/media_ano!I206-1 -> #DIV/0! | ... Q218: =media_ano!Q218/media_ano!Q206-1 -> #DIV/0!
A219: =ENTRADA!A219 -> 43009 | B219: =media_ano!B219/media_ano!B207-1 -> #DIV/0! | C219: =media_ano!C219/media_ano!C207-1 -> #DIV/0! | D219: =media_ano!D219/media_ano!D207-1 -> #DIV/0! | E219: =media_ano!E219/media_ano!E207-1 -> #DIV/0! | F219: =media_ano!F219/media_ano!F207-1 -> #DIV/0! | G219: =media_ano!G219/media_ano!G207-1 -> #DIV/0! | H219: =media_ano!H219/media_ano!H207-1 -> #DIV/0! | I219: =media_ano!I219/media_ano!I207-1 -> #DIV/0! | ... Q219: =media_ano!Q219/media_ano!Q207-1 -> #DIV/0!
A220: =ENTRADA!A220 -> 43040 | B220: =media_ano!B220/media_ano!B208-1 -> #DIV/0! | C220: =media_ano!C220/media_ano!C208-1 -> #DIV/0! | D220: =media_ano!D220/media_ano!D208-1 -> #DIV/0! | E220: =media_ano!E220/media_ano!E208-1 -> #DIV/0! | F220: =media_ano!F220/media_ano!F208-1 -> #DIV/0! | G220: =media_ano!G220/media_ano!G208-1 -> #DIV/0! | H220: =media_ano!H220/media_ano!H208-1 -> #DIV/0! | I220: =media_ano!I220/media_ano!I208-1 -> #DIV/0! | ... Q220: =media_ano!Q220/media_ano!Q208-1 -> #DIV/0!
A221: =ENTRADA!A221 -> 43070 | B221: =media_ano!B221/media_ano!B209-1 -> #DIV/0! | C221: =media_ano!C221/media_ano!C209-1 -> #DIV/0! | D221: =media_ano!D221/media_ano!D209-1 -> #DIV/0! | E221: =media_ano!E221/media_ano!E209-1 -> #DIV/0! | F221: =media_ano!F221/media_ano!F209-1 -> #DIV/0! | G221: =media_ano!G221/media_ano!G209-1 -> #DIV/0! | H221: =media_ano!H221/media_ano!H209-1 -> #DIV/0! | I221: =media_ano!I221/media_ano!I209-1 -> #DIV/0! | ... Q221: =media_ano!Q221/media_ano!Q209-1 -> #DIV/0!
... A302: =ENTRADA!A302 -> 45536 | B302: =media_ano!B302/media_ano!B290-1 -> 0.048021417 | C302: =media_ano!C302/media_ano!C290-1 -> -0.02430874 | D302: =media_ano!D302/media_ano!D290-1 -> 0.039988581 | E302: =media_ano!E302/media_ano!E290-1 -> 0.04319249 | F302: =media_ano!F302/media_ano!F290-1 -> 0.055147209 | G302: =media_ano!G302/media_ano!G290-1 -> 0.044459412 | H302: =media_ano!H302/media_ano!H290-1 -> 0.046975152 | I302: =media_ano!I302/media_ano!I290-1 -> 0.044537729 | ... Q302: =media_ano!Q302/media_ano!Q290-1 -> 0.03325288

Sheet TABELA
E1: =MAX(ENTRADA!A:A) -> 45536 | F1: 302
B2: Pesquisa Mensal do Comércio - volume de vendas
C3: =E1 -> 45536 | E3: Pesos | F3: MoM | G3: QoQ | H3: 3m YoY | I3: YTD | J3: YoY | K3: 12m | N3: 2023 | O3: 2022 | P3: 2021 | Q3: 2020 | R3: 2019
B4: Comércio Varejista exclusive veículos e construção | E4: =SUM(E5:E12) -> 1 | F4: =_xlfn.XLOOKUP($E$1,MoM!$A$6:$A$1000,MoM!$B$6:$B$1000) -> 0.0075027022 | G4: =_xlfn.XLOOKUP($E$1,QoQ!$A$6:$A$1000,QoQ!$B$6:$B$1000) -> 0.0027692805 | H4: =_xlfn.XLOOKUP($E$1,YoY!$A$6:$A$1000,YoY!$T$6:$T$1000) -> 0.039134621 | I4: =_xlfn.XLOOKUP($E$1,YTD!$A$150:$A$1000,YTD!$B$150:$B$1000) -> 0.048021417 | J4: =_xlfn.XLOOKUP($E$1,YoY!$A$6:$A$1000,YoY!$B$6:$B$1000) -> 0.021062086 | K4: =_xlfn.XLOOKUP($E$1,'12mYoY'!$A$6:$A$1000,'12mYoY'!$B$6:$B$1000) -> 0.038744982 | N4: =YTD!$B$293 -> 0.022236994 | O4: =YTD!$B$281 -> 0.0049580059 | P4: =YTD!$B$269 -> 0.013972698 | Q4: =YTD!$B$257 -> 0.011818196 | R4: =YTD!$B$245 -> 0.018415709
B5: 1. Combustíveis e Lubrificantes | E5: 0.121 | F5: =_xlfn.XLOOKUP($E$1,MoM!$A$6:$A$1000,MoM!$C$6:$C$1000) -> 0.02645575 | G5: =_xlfn.XLOOKUP($E$1,QoQ!$A$6:$A$1000,QoQ!$C$6:$C$1000) -> -0.010545386 | H5: =_xlfn.XLOOKUP($E$1,YoY!$A$6:$A$1000,YoY!$U$6:$U$1000) -> -0.03496306 | I5: =_xlfn.XLOOKUP($E$1,YTD!$A$150:$A$1000,YTD!$C$150:$C$1000) -> -0.02430874 | J5: =_xlfn.XLOOKUP($E$1,YoY!$A$6:$A$1000,YoY!$C$6:$C$1000) -> -0.015230064 | K5: =_xlfn.XLOOKUP($E$1,'12mYoY'!$A$6:$A$1000,'12mYoY'!$C$6:$C$1000) -> -0.028177886 | N5: =YTD!$C$293 -> 0.0030025325 | O5: =YTD!$C$281 -> 0.20804289 | P5: =YTD!$C$269 -> 0.0027030073 | Q5: =YTD!$C$257 -> -0.097041525 | R5: =YTD!$C$245 -> 0.0062530391
B6: 2. Hipermercados, supermercados, alimentos, bebidas e fumo | E6: 0.54 | F6: =_xlfn.XLOOKUP($E$1,MoM!$A$6:$A$1000,MoM!$D$6:$D$1000) -> 0.0073010454 | G6: =_xlfn.XLOOKUP($E$1,QoQ!$A$6:$A$1000,QoQ!$D$6:$D$1000) -> 0.007375581 | H6: =_xlfn.XLOOKUP($E$1,YoY!$A$6:$A$1000,YoY!$V$6:$V$1000) -> 0.033214717 | I6: =_xlfn.XLOOKUP($E$1,YTD!$A$150:$A$1000,YTD!$D$150:$D$1000) -> 0.039988581 | J6: =_xlfn.XLOOKUP($E$1,YoY!$A$6:$A$1000,YoY!$D$6:$D$1000) -> 0.0063500285 | K6: =_xlfn.XLOOKUP($E$1,'12mYoY'!$A$6:$A$1000,'12mYoY'!$E$6:$E$1000) -> 0.05346925 | N6: =YTD!$D$293 -> -0.04851533 | O6: =YTD!$D$281 -> 0.10460519 | P6: =YTD!$D$269 -> -0.026444241 | Q6: =YTD!$D$257 -> 0.048093454 | R6: =YTD!$D$245 -> 0.003765665
B7: 3. Tecidos, vestuário e calçados | E7: 0.063 | F7: =_xlfn.XLOOKUP($E$1,MoM!$A$6:$A$1000,MoM!$F$6:$F$1000) -> -0.020691749 | G7: =_xlfn.XLOOKUP($E$1,QoQ!$A$6:$A$1000,QoQ!$F$6:$F$1000) -> 0.013191016 | H7: =_xlfn.XLOOKUP($E$1,YoY!$A$6:$A$1000,YoY!$X$6:$X$1000) -> 0.040475789 | I7: =_xlfn.XLOOKUP($E$1,YTD!$A$150:$A$1000,YTD!$F$150:$F$1000) -> 0.055147209 | J7: =_xlfn.XLOOKUP($E$1,YoY!$A$6:$A$1000,YoY!$F$6:$F$1000) -> 0.0071413988 | K7: =_xlfn.XLOOKUP($E$1,'12mYoY'!$A$6:$A$1000,'12mYoY'!$F$6:$F$1000) -> 0.011576001 | N7: =YTD!$F$293 -> -0.2268292 | O7: =YTD!$F$281 -> 0.22774454 | P7: =YTD!$F$269 -> 0.13696631 | Q7: =YTD!$F$257 -> -0.22532596 | R7: =YTD!$F$245 -> 0.0014623089
B8: 4. Móveis e Eletrodómesticos | E8: 0.069 | F8: =_xlfn.XLOOKUP($E$1,MoM!$A$6:$A$1000,MoM!$G$6:$G$1000) -> -0.037702505 | G8: =_xlfn.XLOOKUP($E$1,QoQ!$A$6:$A$1000,QoQ!$G$6:$G$1000) -> 0.0037687558 | H8: =_xlfn.XLOOKUP($E$1,YoY!$A$6:$A$1000,YoY!$Y$6:$Y$1000) -> 0.047075097 | I8: =_xlfn.XLOOKUP($E$1,YTD!$A$150:$A$1000,YTD!$G$150:$G$1000) -> 0.044459412 | J8: =_xlfn.XLOOKUP($E$1,YoY!$A$6:$A$1000,YoY!$G$6:$G$1000) -> -0.0039363268 | K8: =_xlfn.XLOOKUP($E$1,'12mYoY'!$A$6:$A$1000,'12mYoY'!$G$6:$G$1000) -> 0.028194717 | N8: =YTD!$G$293 -> -0.097213223 | O8: =YTD!$G$281 -> 0.054507164 | P8: =YTD!$G$269 -> -0.070125894 | Q8: =YTD!$G$257 -> 0.10554518 | R8: =YTD!$G$245 -> 0.036387426
B9: 5. Artigos farmacêuticos, médicos, ortopédicos, perfumaria e cosméticos | E9: 0.093 | F9: =_xlfn.XLOOKUP($E$1,MoM!$A$6:$A$1000,MoM!$J$6:$J$1000) -> 0.018507779 | G9: =_xlfn.XLOOKUP($E$1,QoQ!$A$6:$A$1000,QoQ!$J$6:$J$1000) -> 0.016733144 | H9: =_xlfn.XLOOKUP($E$1,YoY!$A$6:$A$1000,YoY!$AB$6:$AB$1000) -> 0.16035 | I9: =_xlfn.XLOOKUP($E$1,YTD!$A$150:$A$1000,YTD!$J$150:$J$1000) -> 0.076385954 | J9: =_xlfn.XLOOKUP($E$1,YoY!$A$6:$A$1000,YoY!$J$6:$J$1000) -> 0.16340424 | K9: =_xlfn.XLOOKUP($E$1,'12mYoY'!$A$6:$A$1000,'12mYoY'!$J$6:$J$1000) -> 0.12793289 | N9: =YTD!$J$293 -> 0.0096174899 | O9: =YTD!$J$281 -> 0.10248978 | P9: =YTD!$J$269 -> 0.097802866 | Q9: =YTD!$J$257 -> 0.083276347 | R9: =YTD!$J$245 -> 0.068017538
B10: 6. Livros Jornais, revistas e papelaria | E10: 0.003 | F10: =_xlfn.XLOOKUP($E$1,MoM!$A$6:$A$1000,MoM!$K$6:$K$1000) -> -0.019267848 | G10: =_xlfn.XLOOKUP($E$1,QoQ!$A$6:$A$1000,QoQ!$K$6:$K$1000) -> -0.027684492 | H10: =_xlfn.XLOOKUP($E$1,YoY!$A$6:$A$1000,YoY!$AC$6:$AC$1000) -> -0.077105883 | I10: =_xlfn.XLOOKUP($E$1,YTD!$A$150:$A$1000,YTD!$K$150:$K$1000) -> -0.03779542 | J10: =_xlfn.XLOOKUP($E$1,YoY!$A$6:$A$1000,YoY!$K$6:$K$1000) -> -0.10563862 | K10: =_xlfn.XLOOKUP($E$1,'12mYoY'!$A$6:$A$1000,'12mYoY'!$K$6:$K$1000) -> -0.072344604 | N10: =YTD!$K$293 -> -0.37369425 | O10: =YTD!$K$281 -> 0.74891709 | P10: =YTD!$K$269 -> -0.16799529 | Q10: =YTD!$K$257 -> -0.30605827 | R10: =YTD!$K$245 -> -0.20656975
B11: 7. Equipamentos e materiais para escritório, informática e comunicação | E11: 0.014 | F11: =_xlfn.XLOOKUP($E$1,MoM!$A$6:$A$1000,MoM!$L$6:$L$1000) -> -0.02095917 | G11: =_xlfn.XLOOKUP($E$1,QoQ!$A$6:$A$1000,QoQ!$L$6:$L$1000) -> -0.021078629 | H11: =_xlfn.XLOOKUP($E$1,YoY!$A$6:$A$1000,YoY!$AD$6:$AD$1000) -> -0.024932399 | I11: =_xlfn.XLOOKUP($E$1,YTD!$A$150:$A$1000,YTD!$L$150:$L$1000) -> 0.03007811 | J11: =_xlfn.XLOOKUP($E$1,YoY!$A$6:$A$1000,YoY!$L$6:$L$1000) -> -0.049078706 | K11: =_xlfn.XLOOKUP($E$1,'12mYoY'!$A$6:$A$1000,'12mYoY'!$L$6:$L$1000) -> 0.019608103 | N11: =YTD!$L$293 -> -0.019941701 | O11: =YTD!$L$281 -> 0.05804469 | P11: =YTD!$L$269 -> -0.020080524 | Q11: =YTD!$L$257 -> -0.16189129 | R11: =YTD!$L$245 -> 0.0080135424
B12: 8. Outros artigos de uso pessoal e domésticos | E12: 0.097 | F12: =_xlfn.XLOOKUP($E$1,MoM!$A$6:$A$1000,MoM!$M$6:$M$1000) -> 0.031297381 | G12: =_xlfn.XLOOKUP($E$1,QoQ!$A$6:$A$1000,QoQ!$M$6:$M$1000) -> -0.013980571 | H12: =_xlfn.XLOOKUP($E$1,YoY!$A$6:$A$1000,YoY!$AE$6:$AE$1000) -> 0.059911161 | I12: =_xlfn.XLOOKUP($E$1,YTD!$A$150:$A$1000,YTD!$M$150:$M$1000) -> 0.067716311 | J12: =_xlfn.XLOOKUP($E$1,YoY!$A$6:$A$1000,YoY!$M$6:$M$1000) -> 0.057307512 | K12: =_xlfn.XLOOKUP($E$1,'12mYoY'!$A$6:$A$1000,'12mYoY'!$M$6:$M$1000) -> 0.020810113 | N12: =YTD!$M$293 -> -0.1867327 | O12: =YTD!$M$281 -> 0.0041212699 | P12: =YTD!$M$269 -> 0.12711713 | Q12: =YTD!$M$257 -> 0.024729995 | R12: =YTD!$M$245 -> 0.060773888
B13: Comércio Varejista Ampliado | E13: =E4 -> 1 | F13: =_xlfn.XLOOKUP($E$1,MoM!$A$6:$A$1000,MoM!$Q$6:$Q$1000) -> 0.02496408 | G13: =_xlfn.XLOOKUP($E$1,QoQ!$A$6:$A$1000,QoQ!$P$6:$P$1000) -> 0.0079190298 | H13: =_xlfn.XLOOKUP($E$1,YoY!$A$6:$A$1000,YoY!$AI$6:$AI$1000) -> 0.047570339 | I13: =_xlfn.XLOOKUP($E$1,YTD!$A$150:$A$1000,YTD!$Q$150:$Q$1000) -> 0.03325288 | J13: =_xlfn.XLOOKUP($E$1,YoY!$A$6:$A$1000,YoY!$Q$6:$Q$1000) -> 0.038881021 | K13: =_xlfn.XLOOKUP($E$1,'12mYoY'!$A$6:$A$1000,'12mYoY'!$Q$6:$Q$1000) -> 0.038335323 | N13: =YTD!$Q$293 -> -0.028133859 | O13: =YTD!$Q$281 -> 0.045550451 | P13: =YTD!$Q$269 -> 0.044937986 | Q13: =YTD!$Q$257 -> -0.014368705 | R13: =YTD!$Q$245 -> 0.038769414
B15: 9. Veículos, motos, partes e peças | E15: 0.167 | F15: =_xlfn.XLOOKUP($E$1,MoM!$A$6:$A$1000,MoM!$N$6:$N$1000) -> 0.06375443 | G15: =_xlfn.XLOOKUP($E$1,QoQ!$A$6:$A$1000,QoQ!$N$6:$N$1000) -> 0.043602515 | H15: {=_xlfn.XLOOKUP($E$1,YoY!$A$6:$A$1000,YoY!$AF$6:$AF1000)} -> 0.15526806 | I15: =_xlfn.XLOOKUP($E$1,YTD!$A$150:$A$1000,YTD!$N$150:$N$1000) -> 0.067952686 | J15: =_xlfn.XLOOKUP($E$1,YoY!$A$6:$A$1000,YoY!$N$6:$N$1000) -> 0.17987016 | K15: =_xlfn.XLOOKUP($E$1,'12mYoY'!$A$6:$A$1000,'12mYoY'!$N$6:$N$1000) -> 0.1289354 | N15: =YTD!$N$293 -> 0.069569354 | O15: =YTD!$N$281 -> -0.0065429299 | P15: =YTD!$N$269 -> 0.14929151 | Q15: =YTD!$N$257 -> -0.13638604 | R15: =YTD!$N$245 -> 0.10027047
B16: 10. Material de Construção | E16: 0.077 | F16: =_xlfn.XLOOKUP($E$1,MoM!$A$6:$A$1000,MoM!$O$6:$O$1000) -> 0.016470124 | G16: =_xlfn.XLOOKUP($E$1,QoQ!$A$6:$A$1000,QoQ!$O$6:$O$1000) -> 0.030365949 | H16: =_xlfn.XLOOKUP($E$1,YoY!$A$6:$A$1000,YoY!$AG$6:$AG$1000) -> 0.082868146 | I16: =_xlfn.XLOOKUP($E$1,YTD!$A$150:$A$1000,YTD!$O$150:$O$1000) -> 0.019456675 | J16: =_xlfn.XLOOKUP($E$1,YoY!$A$6:$A$1000,YoY!$O$6:$O$1000) -> 0.093824504 | K16: =_xlfn.XLOOKUP($E$1,'12mYoY'!$A$6:$A$1000,'12mYoY'!$O$6:$O$1000) -> 0.035697263 | N16: =YTD!$O$293 -> 0.027775853 | O16: =YTD!$O$281 -> -0.1282893 | P16: =YTD!$O$269 -> 0.043984755 | Q16: =YTD!$O$257 -> 0.10839405 | R16: =YTD!$O$245 -> 0.042394035
B17: Fonte: IBGE e Elaboração Prória
G26: -1 | H26: -2 | I26: -3 | J26: -4 | K26: -5 | L26: -6 | M26: -7 | N26: -8 | O26: -9 | P26: -10 | Q26: -11 | R26: -12
B29: Pesquisa Mensal do Comércio MoM - volume de vendas
C30: =F30 -> 45536 | E30: Pesos | F30: =E1 -> 45536 | G30: =EDATE($F30,G26) -> 45505 | H30: =EDATE($F30,H26) -> 45474 | I30: =EDATE($F30,I26) -> 45444 | J30: =EDATE($F30,J26) -> 45413 | K30: =EDATE($F30,K26) -> 45383 | L30: =EDATE($F30,L26) -> 45352 | M30: =EDATE($F30,M26) -> 45323 | N30: =EDATE($F30,N26) -> 45292 | ... R30: =EDATE($F30,R26) -> 45170
